date,team,1,2,3,4,5,6,7,8,9,선발투수
2022-04-02,한화,정은원,최재훈,터크먼,노시환,하주석,김태연,노수광,정민규,이원석,김민우
2022-04-02,두산,허경민,안재석,페르난데스,김재환,양석환,김인태,박세혁,강승호,정수빈,스탁
2022-04-02,SSG,추신수,최지훈,최정,한유섬,크론,오태곤,박성한,이재원,김성현,폰트
2022-04-02,NC,박건우,전민수,손아섭,마티니,박준영,오영수,서호철,박대온,김한별,루친스키
2022-04-02,삼성,김상수,김지찬,피렐라,강민호,김헌곤,김동엽,이재현,공민규,박승규,뷰캐넌
2022-04-02,KT,조용호,황재균,박병호,라모스,장성우,배정대,오윤석,김민혁,심우준,쿠에바스
2022-04-02,LG,박해민,송찬의,김현수,채은성,유강남,오지환,루이즈,이재원,서건창,플럿코
2022-04-02,KIA,김도영,소크라테스,김선빈,나성범,최형우,황대인,김석환,김민식,박찬호,양현종
2022-04-02,롯데,박승욱,안치홍,전준우,피터스,이대호,정훈,한동희,고승민,지시완,반즈
2022-04-02,키움,이용규,김혜성,이정후,푸이그,전병우,김주형,이명기,이지영,박찬혁,안우진
2022-04-03,한화,정은원,최재훈,터크먼,노시환,하주석,김태연,이성곤,이원석,임종찬,킹엄
2022-04-03,두산,허경민,안재석,페르난데스,김재환,양석환,김인태,강승호,박세혁,정수빈,최원준
2022-04-03,SSG,추신수,최지훈,최정,한유섬,크론,김강민,박성한,이재원,김성현,노경은
2022-04-03,NC,서호철,손아섭,박건우,마티니,정진기,박준영,오영수,박대온,도태훈,파슨스
2022-04-03,삼성,김지찬,이재현,피렐라,강민호,김헌곤,최영진,김재혁,김태군,오선진,수아레즈
2022-04-03,KT,조용호,황재균,박병호,라모스,장성우,배정대,오윤석,김민혁,심우준,배제성
2022-04-03,LG,박해민,서건창,김현수,채은성,유강남,오지환,루이즈,문보경,김민성,이민호
2022-04-03,KIA,김도영,소크라테스,김선빈,나성범,최형우,황대인,김석환,김민식,박찬호,놀린
2022-04-03,롯데,조세진,안치홍,전준우,피터스,이대호,정훈,한동희,정보근,박승욱,박세웅
2022-04-03,키움,이용규,김혜성,이정후,푸이그,전병우,송성문,김주형,김재현,박찬혁,요키시
2022-04-05,삼성,김지찬,오선진,피렐라,강민호,김헌곤,최영진,김재혁,김태군,이재현,원태인
2022-04-05,두산,허경민,안재석,페르난데스,김재환,양석환,김인태,오재원,박세혁,정수빈,이영하
2022-04-05,롯데,박승욱,안치홍,전준우,피터스,이대호,정훈,한동희,고승민,정보근,김진욱
2022-04-05,NC,손아섭,박준영,박건우,마티니,윤형준,오영수,서호철,박대온,도태훈,신민혁
2022-04-05,SSG,추신수,최지훈,최정,한유섬,크론,오태곤,박성한,이재원,김성현,노바
2022-04-05,KT,조용호,황재균,박병호,라모스,장성우,배정대,오윤석,김민혁,심우준,데스파이네
2022-04-05,한화,정은원,최재훈,터크먼,노시환,하주석,김태연,노수광,이성곤,장운호,윤대경
2022-04-05,KIA,소크라테스,김선빈,나성범,최형우,황대인,김석환,김도영,김민식,박찬호,로니
2022-04-05,LG,박해민,서건창,김현수,유강남,문보경,송찬의,루이즈,오지환,김민성,임찬규
2022-04-05,키움,이용규,전병우,이정후,푸이그,김혜성,김주형,송성문,김재현,박찬혁,애플러
2022-04-06,삼성,김지찬,오선진,피렐라,강민호,김헌곤,최영진,김현준,김재혁,이재현,양창섭
2022-04-06,두산,허경민,김인태,페르난데스,김재환,양석환,안재석,오재원,박세혁,조수행,곽빈
2022-04-06,롯데,이학주,안치홍,전준우,피터스,이대호,정훈,한동희,고승민,지시완,이인복
2022-04-06,NC,손아섭,박준영,박건우,마티니,전민수,오영수,도태훈,박대온,서호철,송명기
2022-04-06,SSG,추신수,최지훈,최정,한유섬,크론,오태곤,박성한,이재원,김성현,오원석
2022-04-06,KT,조용호,황재균,박병호,라모스,장성우,김병희,박경수,배정대,심우준,고영표
2022-04-06,한화,정은원,최재훈,터크먼,노시환,하주석,김태연,노수광,정민규,장운호,카펜터
2022-04-06,KIA,박찬호,소크라테스,김선빈,나성범,황대인,최형우,이우성,한승택,김도영,이의리
2022-04-06,LG,박해민,서건창,김현수,유강남,문보경,송찬의,루이즈,오지환,김민성,손주영
2022-04-06,키움,이용규,전병우,이정후,푸이그,김혜성,김주형,송성문,이지영,박찬혁,최원태
2022-04-07,삼성,김지찬,오선진,피렐라,강민호,김헌곤,김현준,최영진,김태군,이재현,허윤동
2022-04-07,두산,허경민,페르난데스,양석환,김재환,강진성,김인태,강승호,김재호,장승현,박신지
2022-04-07,롯데,박승욱,안치홍,전준우,피터스,이대호,정훈,한동희,조세진,지시완,반즈
2022-04-07,NC,손아섭,박준영,박건우,마티니,오영수,윤형준,서호철,박대온,김한별,이재학
2022-04-07,SSG,추신수,최지훈,최정,한유섬,최주환,크론,박성한,이흥련,오태곤,이태양
2022-04-07,KT,조용호,황재균,라모스,박병호,김민혁,장성우,배정대,박경수,심우준,소형준
2022-04-07,한화,정은원,김태연,터크먼,노시환,하주석,이성곤,노수광,이해창,임종찬,박윤철
2022-04-07,KIA,박찬호,소크라테스,김선빈,나성범,최형우,황대인,김석환,김민식,김도영,한승혁
2022-04-07,LG,박해민,서건창,김현수,유강남,문보경,송찬의,루이즈,오지환,김민성,김윤식
2022-04-07,키움,김혜성,전병우,이정후,푸이그,송성문,김주형,이병규,김재현,박찬혁,정찬헌
2022-04-08,NC,손아섭,박준영,박건우,마티니,노진혁,오영수,서호철,박대온,김한별,루친스키
2022-04-08,LG,박해민,서건창,김현수,유강남,문보경,오지환,루이즈,송찬의,김민성,플럿코
2022-04-08,KIA,소크라테스,고종욱,김선빈,나성범,최형우,황대인,류지혁,김민식,박찬호,양현종
2022-04-08,SSG,추신수,김강민,최주환,최정,한유섬,크론,김성현,이재원,최지훈,폰트
2022-04-08,두산,김인태,페르난데스,양석환,김재환,강진성,안재석,강승호,박계범,장승현,스탁
2022-04-08,롯데,이학주,안치홍,전준우,피터스,이대호,정훈,한동희,조세진,정보근,이승헌
2022-04-08,키움,이용규,김혜성,이정후,푸이그,송성문,전병우,김주형,이지영,박찬혁,안우진
2022-04-08,삼성,김지찬,오선진,피렐라,강민호,오재일,김헌곤,김현준,김재혁,이재현,뷰캐넌
2022-04-08,KT,김민혁,황재균,라모스,박병호,오윤석,배정대,김준태,김병희,심우준,쿠에바스
2022-04-08,한화,정은원,최재훈,터크먼,노시환,하주석,김태연,이성곤,노수광,이도윤,김민우
2022-04-09,NC,손아섭,김기환,박건우,마티니,노진혁,박준영,오영수,박대온,도태훈,파슨스
2022-04-09,LG,박해민,서건창,김현수,문보경,유강남,오지환,루이즈,이영빈,문성주,이민호
2022-04-09,KIA,소크라테스,박찬호,김선빈,나성범,황대인,최형우,이우성,한승택,김도영,이민우
2022-04-09,SSG,추신수,최지훈,최정,한유섬,최주환,크론,박성한,이재원,김강민,김광현
2022-04-09,두산,김인태,페르난데스,양석환,김재환,허경민,안재석,김재호,박세혁,정수빈,최원준
2022-04-09,롯데,정훈,이학주,안치홍,전준우,피터스,이대호,김민수,고승민,정보근,박세웅
2022-04-09,키움,이용규,김혜성,이정후,푸이그,송성문,박동원,전병우,김주형,박찬혁,요키시
2022-04-09,삼성,오선진,구자욱,피렐라,강민호,오재일,김헌곤,김태군,김호재,이재현,수아레즈
2022-04-09,KT,조용호,김민혁,황재균,라모스,장성우,오윤석,박경수,신본기,배정대,배제성
2022-04-09,한화,정은원,최재훈,터크먼,노시환,이성곤,김태연,하주석,노수광,임종찬,킹엄
2022-04-10,NC,손아섭,박준영,박건우,마티니,양의지,노진혁,오영수,김응민,도태훈,신민혁
2022-04-10,LG,홍창기,박해민,김현수,문보경,유강남,오지환,루이즈,문성주,서건창,켈리
2022-04-10,KIA,소크라테스,김선빈,나성범,최형우,황대인,김석환,김도영,김민식,박찬호,로니
2022-04-10,SSG,추신수,최지훈,최정,한유섬,최주환,크론,박성한,이재원,김강민,노경은
2022-04-10,두산,허경민,김인태,페르난데스,김재환,강진성,박세혁,강승호,김재호,정수빈,이영하
2022-04-10,롯데,정훈,박승욱,안치홍,전준우,피터스,이대호,한동희,고승민,지시완,스파크맨
2022-04-10,키움,이용규,김혜성,이정후,푸이그,송성문,박동원,김재현,김주형,박찬혁,애플러
2022-04-10,삼성,구자욱,오선진,피렐라,강민호,오재일,김헌곤,박승규,이재현,김상수,백정현
2022-04-10,KT,조용호,김민혁,라모스,황재균,김병희,오윤석,배정대,김준태,신본기,데스파이네
2022-04-10,한화,정은원,최재훈,터크먼,노시환,이성곤,김태연,하주석,노수광,임종찬,한승주
2022-04-12,SSG,추신수,최지훈,최정,한유섬,최주환,크론,박성한,이재원,오태곤,노바
2022-04-12,LG,홍창기,박해민,김현수,문보경,유강남,오지환,루이즈,문성주,서건창,임찬규
2022-04-12,한화,정은원,최재훈,터크먼,노시환,이성곤,김태연,하주석,노수광,임종찬,카펜터
2022-04-12,삼성,김상수,구자욱,피렐라,강민호,오재일,최영진,오선진,김헌곤,강한울,원태인
2022-04-12,두산,김인태,안재석,페르난데스,김재환,허경민,오재원,강진성,박세혁,정수빈,곽빈
2022-04-12,KT,김민혁,황재균,라모스,박병호,김병희,장성우,오윤석,배정대,심우준,고영표
2022-04-12,롯데,정훈,조세진,안치홍,전준우,한동희,이대호,피터스,정보근,이학주,반즈
2022-04-12,KIA,김도영,김선빈,나성범,황대인,소크라테스,이우성,김호령,한승택,박찬호,이의리
2022-04-12,NC,손아섭,박준영,박건우,양의지,마티니,노진혁,오영수,박대온,서호철,송명기
2022-04-12,키움,이용규,김혜성,이정후,푸이그,송성문,박동원,이지영,김주형,박찬혁,최원태
2022-04-13,SSG,추신수,김강민,최주환,한유섬,크론,김성현,박성한,이재원,최지훈,오원석
2022-04-13,LG,홍창기,이상호,김현수,문보경,유강남,오지환,루이즈,문성주,박해민,손주영
2022-04-13,한화,정은원,최재훈,터크먼,노시환,김태연,하주석,장운호,이해창,임종찬,김민우
2022-04-13,삼성,김상수,구자욱,피렐라,강민호,오재일,오선진,김헌곤,김재혁,강한울,양창섭
2022-04-13,NC,손아섭,마티니,박건우,양의지,노진혁,오영수,도태훈,박대온,서호철,이재학
2022-04-13,키움,이용규,김혜성,이정후,푸이그,송성문,박동원,김재현,김주형,박찬혁,정찬헌
2022-04-14,SSG,추신수,최지훈,최정,한유섬,최주환,크론,박성한,이재원,오태곤,폰트
2022-04-14,LG,홍창기,박해민,김현수,유강남,문보경,루이즈,오지환,문성주,서건창,플럿코
2022-04-14,한화,노수광,김태연,터크먼,노시환,하주석,이성곤,이해창,임종찬,이원석,박윤철
2022-04-14,삼성,김상수,강한울,피렐라,강민호,오재일,오선진,김헌곤,박승규,김재혁,뷰캐넌
2022-04-14,두산,김인태,안재석,페르난데스,김재환,허경민,강진성,강승호,박세혁,정수빈,스탁
2022-04-14,KT,김민혁,황재균,라모스,박병호,조용호,장성우,오윤석,배정대,심우준,소형준
2022-04-14,롯데,정훈,조세진,안치홍,전준우,한동희,이대호,피터스,이학주,정보근,박세웅
2022-04-14,KIA,고종욱,김선빈,나성범,황대인,최형우,소크라테스,김민식,류지혁,박찬호,양현종
2022-04-14,NC,손아섭,전민수,박건우,양의지,마티니,노진혁,도태훈,오영수,서호철,루친스키
2022-04-14,키움,이용규,김혜성,이정후,푸이그,송성문,이지영,전병우,김주형,박찬혁,안우진
2022-04-15,키움,이용규,김혜성,이정후,푸이그,송성문,박동원,전병우,김주형,박찬혁,애플러
2022-04-15,두산,김인태,안재석,페르난데스,김재환,허경민,강진성,오재원,박세혁,정수빈,최원준
2022-04-15,삼성,김상수,강한울,피렐라,오재일,오선진,최영진,김헌곤,김태군,김재혁,수아레즈
2022-04-15,SSG,추신수,최지훈,최정,한유섬,최주환,크론,박성한,이재원,김강민,김광현
2022-04-15,KT,김민혁,황재균,조용호,라모스,박병호,장성우,오윤석,송민섭,심우준,배제성
2022-04-15,롯데,정훈,이학주,안치홍,전준우,한동희,김민수,피터스,고승민,정보근,김진욱
2022-04-15,KIA,김도영,소크라테스,김선빈,나성범,최형우,황대인,김석환,김민식,박찬호,놀린
2022-04-15,NC,손아섭,박준영,박건우,양의지,마티니,노진혁,윤형준,박대온,서호철,파슨스
2022-04-15,LG,홍창기,박해민,김현수,문보경,오지환,문성주,루이즈,서건창,허도환,이민호
2022-04-15,한화,정은원,최재훈,터크먼,김태연,이성곤,하주석,노수광,장운호,이도윤,윤대경
2022-04-16,삼성,김상수,구자욱,피렐라,오재일,강민호,오선진,김태군,박승규,김지찬,백정현
2022-04-16,SSG,추신수,최지훈,최정,한유섬,최주환,크론,박성한,이흥련,김강민,노경은
2022-04-16,키움,이용규,김혜성,이정후,푸이그,송성문,박동원,전병우,강민국,박찬혁,요키시
2022-04-16,두산,허경민,김인태,강진성,김재환,페르난데스,김재호,박계범,박세혁,정수빈,이영하
2022-04-16,KT,김민혁,황재균,조용호,라모스,김병희,김준태,오윤석,홍현빈,심우준,데스파이네
2022-04-16,롯데,정훈,고승민,한동희,전준우,안치홍,이대호,피터스,박승욱,지시완,스파크맨
2022-04-16,KIA,박찬호,김선빈,나성범,최형우,황대인,소크라테스,김석환,김민식,김도영,로니
2022-04-16,NC,손아섭,박준영,박건우,양의지,마티니,노진혁,오영수,도태훈,김기환,신민혁
2022-04-16,LG,홍창기,박해민,김현수,유강남,문보경,문성주,루이즈,오지환,서건창,켈리
2022-04-16,한화,정은원,최재훈,터크먼,노시환,하주석,김태연,이성곤,노수광,임종찬,킹엄
2022-04-17,키움,이용규,김혜성,이정후,푸이그,송성문,이지영,전병우,김주형,박찬혁,최원태
2022-04-17,두산,허경민,김인태,페르난데스,김재환,강진성,안재석,오재원,박세혁,정수빈,미란다
2022-04-17,삼성,김상수,구자욱,피렐라,오재일,강민호,오선진,김헌곤,김재혁,김지찬,원태인
2022-04-17,SSG,최지훈,오준혁,최주환,한유섬,크론,박성한,김성현,이재원,오태곤,노바
2022-04-17,KT,조용호,황재균,김병희,박병호,라모스,장성우,오윤석,배정대,심우준,엄상백
2022-04-17,롯데,정훈,고승민,한동희,전준우,안치홍,이대호,피터스,이학주,지시완,반즈
2022-04-17,KIA,박찬호,김선빈,나성범,최형우,황대인,소크라테스,김석환,김민식,김도영,이의리
2022-04-17,NC,손아섭,박준영,박건우,양의지,마티니,노진혁,오영수,서호철,김기환,송명기
2022-04-17,LG,홍창기,박해민,김현수,채은성,문보경,유강남,문성주,오지환,서건창,임찬규
2022-04-17,한화,노수광,최재훈,터크먼,노시환,하주석,김태연,이성곤,이도윤,임종찬,카펜터
2022-04-19,KT,김민혁,황재균,조용호,박병호,라모스,장성우,배정대,박경수,심우준,고영표
2022-04-19,LG,홍창기,박해민,김현수,채은성,문보경,오지환,문성주,유강남,루이즈,김윤식
2022-04-19,키움,이용규,김혜성,이정후,푸이그,송성문,박동원,전병우,김주형,박찬혁,정찬헌
2022-04-19,SSG,추신수,최지훈,최정,한유섬,최주환,크론,박성한,오준혁,이재원,오원석
2022-04-19,한화,정은원,최재훈,터크먼,노시환,하주석,김태연,이성곤,노수광,이원석,김민우
2022-04-19,롯데,정훈,이학주,한동희,전준우,안치홍,이대호,피터스,고승민,지시완,이인복
2022-04-19,삼성,김상수,구자욱,피렐라,오재일,강민호,김재혁,김헌곤,이재현,김지찬,양창섭
2022-04-19,NC,김기환,손아섭,박건우,양의지,마티니,노진혁,박준영,박대온,서호철,이재학
2022-04-19,두산,김인태,안재석,페르난데스,김재환,허경민,강진성,박세혁,박계범,정수빈,곽빈
2022-04-19,KIA,박찬호,김선빈,나성범,최형우,황대인,소크라테스,김석환,김민식,김도영,한승혁
2022-04-20,KT,김민혁,황재균,조용호,박병호,라모스,장성우,홍현빈,신본기,심우준,소형준
2022-04-20,LG,홍창기,박해민,김현수,채은성,문보경,유강남,오지환,루이즈,서건창,플럿코
2022-04-20,키움,이용규,김혜성,이정후,푸이그,송성문,이지영,전병우,김주형,박찬혁,안우진
2022-04-20,SSG,추신수,최지훈,최정,한유섬,크론,최주환,박성한,김강민,이재원,폰트
2022-04-20,한화,정은원,최재훈,터크먼,노시환,하주석,김태연,이성곤,노수광,임종찬,박윤철
2022-04-20,롯데,정훈,안치홍,한동희,전준우,이대호,피터스,이학주,신용수,정보근,박세웅
2022-04-20,삼성,김상수,구자욱,피렐라,오재일,강민호,김동엽,김헌곤,이재현,김지찬,뷰캐넌
2022-04-20,NC,김기환,손아섭,박건우,양의지,마티니,노진혁,박준영,오영수,서호철,루친스키
2022-04-20,두산,허경민,김인태,페르난데스,김재환,강진성,김재호,박세혁,박계범,정수빈,스탁
2022-04-20,KIA,류지혁,김선빈,나성범,최형우,황대인,소크라테스,김석환,한승택,김도영,양현종
2022-04-21,KT,김민혁,황재균,라모스,박병호,장성우,홍현빈,박경수,김준태,심우준,데스파이네
2022-04-21,LG,홍창기,박해민,김현수,문보경,문성주,오지환,서건창,루이즈,허도환,손주영
2022-04-21,키움,이용규,김혜성,이정후,푸이그,송성문,박동원,전병우,김주형,박찬혁,애플러
2022-04-21,SSG,추신수,최지훈,최주환,한유섬,크론,박성한,김성현,김강민,이재원,김광현
2022-04-21,한화,정은원,최재훈,터크먼,노시환,하주석,김태연,장운호,이원석,허인서,윤대경
2022-04-21,롯데,정훈,안치홍,한동희,전준우,이대호,피터스,이학주,신용수,정보근,김진욱
2022-04-21,삼성,김지찬,구자욱,피렐라,오재일,김동엽,김태군,이재현,김성윤,김상수,수아레즈
2022-04-21,NC,김기환,손아섭,박건우,양의지,마티니,노진혁,도태훈,박대온,박준영,파슨스
2022-04-21,두산,정수빈,김인태,허경민,김재환,페르난데스,김재호,오재원,박계범,장승현,최원준
2022-04-21,KIA,류지혁,김선빈,나성범,최형우,황대인,소크라테스,김석환,김민식,김도영,놀린
2022-04-22,LG,박해민,오지환,홍창기,김현수,채은성,문성주,유강남,루이즈,서건창,켈리
2022-04-22,두산,정수빈,김인태,페르난데스,김재환,허경민,오재원,안재석,박세혁,김재호,이영하
2022-04-22,롯데,정훈,안치홍,한동희,전준우,이대호,피터스,조세진,이학주,지시완,반즈
2022-04-22,삼성,김상수,구자욱,피렐라,오재일,김동엽,김태군,박승규,이재현,김지찬,백정현
2022-04-22,NC,김기환,손아섭,박건우,양의지,마티니,노진혁,박준영,오영수,서호철,신민혁
2022-04-22,KT,김민혁,황재균,라모스,박병호,장성우,배정대,김병희,오윤석,심우준,배제성
2022-04-22,KIA,김도영,김선빈,나성범,황대인,소크라테스,이창진,이우성,한승택,류지혁,로니
2022-04-22,키움,이용규,김혜성,이정후,푸이그,송성문,박동원,전병우,김주형,박찬혁,요키시
2022-04-22,SSG,추신수,최지훈,최주환,한유섬,크론,박성한,김강민,김성현,이흥련,노경은
2022-04-22,한화,이도윤,최재훈,터크먼,노시환,하주석,김태연,이성곤,장운호,임종찬,장민재
2022-04-23,KIA,김도영,김선빈,나성범,최형우,황대인,소크라테스,이창진,김민식,류지혁,이의리
2022-04-23,키움,이용규,김혜성,이정후,박동원,송성문,이지영,전병우,김주형,박찬혁,최원태
2022-04-23,LG,박해민,오지환,홍창기,김현수,채은성,문성주,유강남,루이즈,김민성,임준형
2022-04-23,두산,김인태,정수빈,페르난데스,김재환,허경민,안재석,강승호,박계범,장승현,미란다
2022-04-23,롯데,정훈,이학주,한동희,전준우,이대호,피터스,김민수,고승민,지시완,스파크맨
2022-04-23,삼성,김지찬,구자욱,피렐라,오재일,강민호,김동엽,김성윤,이재현,강한울,황동재
2022-04-23,NC,김기환,손아섭,박건우,양의지,마티니,노진혁,전민수,박준영,서호철,송명기
2022-04-23,KT,홍현빈,황재균,라모스,박병호,김민혁,배정대,오윤석,김준태,신본기,엄상백
2022-04-23,SSG,추신수,최지훈,한유섬,크론,김강민,박성한,최주환,김성현,이재원,노바
2022-04-23,한화,정은원,최재훈,터크먼,노시환,하주석,김태연,노수광,박정현,임종찬,남지민
2022-04-24,LG,박해민,문성주,홍창기,김현수,유강남,채은성,오지환,루이즈,서건창,임찬규
2022-04-24,두산,김인태,정수빈,페르난데스,김재환,허경민,오재원,안재석,박계범,박세혁,곽빈
2022-04-24,롯데,정훈,이학주,한동희,이대호,피터스,김민수,고승민,조세진,정보근,이인복
2022-04-24,삼성,김지찬,구자욱,피렐라,오재일,김동엽,강민호,박승규,이재현,김상수,양창섭
2022-04-24,NC,김기환,손아섭,박건우,양의지,마티니,노진혁,서호철,박준영,박대온,김태경
2022-04-24,KT,조용호,황재균,김민혁,박병호,장성우,오윤석,배정대,홍현빈,심우준,고영표
2022-04-24,KIA,류지혁,김도영,나성범,최형우,황대인,소크라테스,김석환,김민식,김규성,한승혁
2022-04-24,키움,이용규,김혜성,이정후,푸이그,송성문,김재현,전병우,김주형,박찬혁,한현희
2022-04-24,SSG,최지훈,김강민,최주환,한유섬,크론,박성한,김성현,최항,이재원,오원석
2022-04-24,한화,정은원,최재훈,터크먼,노시환,하주석,김태연,노수광,박정현,장운호,김민우
2022-04-26,NC,손아섭,박건우,마티니,양의지,노진혁,박준영,오영수,서호철,김기환,루친스키
2022-04-26,두산,김인태,정수빈,페르난데스,김재환,허경민,강진성,안재석,강승호,박세혁,스탁
2022-04-26,SSG,최지훈,최주환,최정,한유섬,크론,박성한,오태곤,안상현,이흥련,폰트
2022-04-26,롯데,정훈,이학주,한동희,안치홍,이대호,피터스,고승민,신용수,정보근,김진욱
2022-04-26,LG,박해민,문성주,홍창기,김현수,문보경,유강남,오지환,루이즈,서건창,플럿코
2022-04-26,삼성,김지찬,구자욱,피렐라,오재일,김동엽,강민호,김성윤,이재현,김상수,뷰캐넌
2022-04-26,KIA,류지혁,김선빈,나성범,최형우,황대인,소크라테스,박동원,김석환,김도영,양현종
2022-04-26,KT,배정대,황재균,김민혁,박병호,오윤석,박경수,김준태,송민섭,심우준,데스파이네
2022-04-26,키움,이용규,박찬혁,김혜성,푸이그,송성문,이지영,전병우,김주형,박준태,안우진
2022-04-26,한화,정은원,최재훈,터크먼,노시환,김태연,하주석,노수광,박정현,임종찬,박윤철
2022-04-27,NC,손아섭,박준영,박건우,양의지,마티니,오영수,서호철,도태훈,박대온,파슨스
2022-04-27,두산,김인태,정수빈,페르난데스,김재환,허경민,강진성,안재석,강승호,박세혁,최원준
2022-04-27,SSG,최지훈,최주환,최정,한유섬,크론,박성한,오태곤,최항,이흥련,김광현
2022-04-27,롯데,안치홍,정훈,한동희,이대호,피터스,김민수,조세진,신용수,정보근,박세웅
2022-04-27,LG,박해민,문성주,홍창기,김현수,채은성,유강남,오지환,루이즈,서건창,이민호
2022-04-27,삼성,김지찬,구자욱,피렐라,오재일,강민호,김태군,김성윤,이재현,김상수,수아레즈
2022-04-27,KIA,류지혁,김선빈,나성범,최형우,황대인,소크라테스,박동원,김석환,김도영,놀린
2022-04-27,KT,김민혁,황재균,오윤석,박병호,장성우,배정대,김병희,홍현빈,심우준,소형준
2022-04-27,키움,이용규,박찬혁,이정후,푸이그,김혜성,송성문,전병우,김주형,이지영,요키시
2022-04-27,한화,정은원,최재훈,터크먼,노시환,김태연,하주석,장운호,임종찬,허인서,윤대경
2022-04-28,NC,손아섭,전민수,박건우,양의지,마티니,노진혁,박준영,오영수,도태훈,김시훈
2022-04-28,두산,김인태,정수빈,페르난데스,김재환,박세혁,강승호,안재석,안권수,김재호,이영하
2022-04-28,SSG,최지훈,김성현,김강민,최정,크론,김규남,안상현,이현석,오태곤,노경은
2022-04-28,롯데,정훈,피터스,한동희,이대호,안치홍,고승민,지시완,조세진,이학주,반즈
2022-04-28,LG,박해민,문성주,홍창기,김현수,채은성,유강남,오지환,김민성,서건창,켈리
2022-04-28,삼성,김지찬,구자욱,피렐라,오재일,강민호,송준석,김성윤,이재현,강한울,백정현
2022-04-28,KIA,소크라테스,김선빈,나성범,최형우,황대인,김석환,최정용,김민식,김도영,임기영
2022-04-28,KT,김민혁,황재균,조용호,박병호,장성우,배정대,오윤석,홍현빈,심우준,배제성
2022-04-28,키움,이용규,박찬혁,이정후,푸이그,김혜성,송성문,전병우,신준우,이지영,애플러
2022-04-28,한화,정은원,최재훈,터크먼,노시환,김태연,하주석,이성곤,노수광,이도윤,장민재
2022-04-29,롯데,정훈,피터스,한동희,이대호,안치홍,김민수,지시완,조세진,신용수,스파크맨
2022-04-29,LG,박해민,문성주,홍창기,김현수,채은성,유강남,이영빈,루이즈,서건창,임준형
2022-04-29,두산,김인태,정수빈,페르난데스,김재환,허경민,박세혁,강승호,안재석,안권수,최승용
2022-04-29,SSG,김강민,최지훈,최정,한유섬,크론,박성한,오태곤,김성현,이흥련,노바
2022-04-29,한화,정은원,최재훈,터크먼,노시환,김태연,하주석,이진영,이성곤,박정현,남지민
2022-04-29,NC,손아섭,전민수,박건우,양의지,마티니,노진혁,박준영,오영수,도태훈,송명기
2022-04-29,삼성,구자욱,피렐라,오재일,강민호,김태군,이원석,김성윤,이재현,김지찬,황동재
2022-04-29,KIA,류지혁,김선빈,최형우,나성범,박동원,황대인,소크라테스,김석환,김도영,이의리
2022-04-29,KT,김민혁,황재균,오윤석,박병호,장성우,조용호,김병희,홍현빈,심우준,엄상백
2022-04-29,키움,이용규,박찬혁,이정후,푸이그,김혜성,송성문,이주형,김주형,이지영,최원태
2022-04-30,삼성,구자욱,피렐라,오재일,강민호,이원석,강한울,김성윤,이재현,김지찬,원태인
2022-04-30,KIA,류지혁,김선빈,나성범,박동원,최형우,황대인,소크라테스,김민식,김도영,한승혁
2022-04-30,롯데,안치홍,김민수,한동희,전준우,이대호,피터스,지시완,조세진,이학주,이인복
2022-04-30,LG,박해민,문성주,홍창기,김현수,채은성,오지환,서건창,루이즈,허도환,김윤식
2022-04-30,두산,김인태,강승호,페르난데스,김재환,허경민,강진성,장승현,김재호,정수빈,곽빈
2022-04-30,SSG,최지훈,최주환,최정,한유섬,크론,박성한,최항,오태곤,이현석,오원석
2022-04-30,한화,정은원,최재훈,터크먼,노시환,하주석,이성곤,노수광,임종찬,이도윤,김민우
2022-04-30,NC,손아섭,박준영,박건우,양의지,마티니,노진혁,오영수,도태훈,박대온,이재학
2022-04-30,KT,김민혁,황재균,오윤석,박병호,장성우,조용호,김병희,홍현빈,심우준,고영표
2022-04-30,키움,이용규,박찬혁,이정후,푸이그,김혜성,송성문,전병우,김주형,이지영,정찬헌
2022-05-01,롯데,안치홍,이학주,한동희,전준우,정훈,피터스,고승민,정보근,박승욱,김진욱
2022-05-01,LG,홍창기,문성주,김현수,채은성,유강남,오지환,이상호,김민성,박해민,임찬규
2022-05-01,두산,김인태,안권수,페르난데스,김재환,허경민,강승호,안재석,박세혁,조수행,스탁
2022-05-01,SSG,최지훈,최주환,최정,한유섬,크론,박성한,김강민,오태곤,이흥련,폰트
2022-05-01,한화,정은원,최재훈,터크먼,노시환,김태연,이성곤,노수광,임종찬,이도윤,박윤철
2022-05-01,NC,손아섭,전민수,박건우,마티니,노진혁,박준영,오영수,박대온,도태훈,루친스키
2022-05-01,삼성,김지찬,피렐라,이원석,강민호,오재일,최영진,김성윤,이재현,김현준,뷰캐넌
2022-05-01,KIA,류지혁,김선빈,나성범,박동원,최형우,황대인,소크라테스,김석환,김도영,양현종
2022-05-01,KT,조용호,김민혁,황재균,박병호,오윤석,배정대,홍현빈,김준태,권동진,데스파이네
2022-05-01,키움,이용규,박찬혁,이정후,푸이그,김혜성,송성문,전병우,김주형,이지영,안우진
2022-05-03,두산,안권수,조수행,페르난데스,김재환,허경민,강승호,안재석,박세혁,정수빈,최원준
2022-05-03,LG,박해민,문성주,홍창기,김현수,채은성,문보경,오지환,유강남,서건창,플럿코
2022-05-03,한화,정은원,최재훈,터크먼,노시환,김태연,하주석,이진영,박정현,박상언,윤대경
2022-05-03,SSG,최지훈,최항,최정,한유섬,크론,박성한,최주환,오태곤,이흥련,김광현
2022-05-03,NC,손아섭,도태훈,박건우,마티니,노진혁,오영수,박준영,김응민,서호철,파슨스
2022-05-03,삼성,김지찬,피렐라,오재일,이원석,김태군,김동엽,송준석,이재현,김현준,수아레즈
2022-05-03,롯데,안치홍,김민수,한동희,전준우,이대호,피터스,이학주,지시완,고승민,반즈
2022-05-03,KT,조용호,오윤석,황재균,박병호,장성우,신본기,배정대,송민섭,심우준,소형준
2022-05-03,키움,김태진,박찬혁,이정후,푸이그,김혜성,송성문,전병우,김주형,이지영,요키시
2022-05-03,KIA,박찬호,김선빈,나성범,박동원,황대인,소크라테스,이창진,이우성,류지혁,놀린
2022-05-04,두산,안권수,조수행,페르난데스,김재환,허경민,강승호,안재석,박세혁,신성현,이영하
2022-05-04,LG,박해민,문성주,홍창기,김현수,채은성,문보경,오지환,유강남,서건창,이민호
2022-05-04,한화,정은원,최재훈,터크먼,노시환,김인환,하주석,이성곤,노수광,임종찬,장민재
2022-05-04,SSG,추신수,최지훈,최정,한유섬,크론,박성한,김성현,오태곤,이흥련,이태양
2022-05-04,NC,박민우,손아섭,박건우,마티니,권희동,이명기,노진혁,박준영,김응민,김시훈
2022-05-04,삼성,김지찬,피렐라,이원석,오재일,강민호,김동엽,김헌곤,이재현,김현준,백정현
2022-05-04,롯데,안치홍,정훈,한동희,전준우,이대호,피터스,이학주,조세진,정보근,박세웅
2022-05-04,KT,김민혁,조용호,박병호,장성우,신본기,배정대,홍현빈,박경수,심우준,배제성
2022-05-04,키움,이용규,김태진,이정후,푸이그,김혜성,송성문,이지영,김주형,박찬혁,애플러
2022-05-04,KIA,박찬호,김선빈,나성범,박동원,최형우,황대인,소크라테스,김민식,김도영,임기영
2022-05-05,두산,안권수,조수행,페르난데스,김재환,허경민,강승호,안재석,박세혁,강진성,최승용
2022-05-05,LG,박해민,문성주,홍창기,김현수,채은성,유강남,오지환,김민성,서건창,켈리
2022-05-05,한화,정은원,최재훈,터크먼,노시환,김태연,하주석,이진영,박상언,박정현,남지민
2022-05-05,SSG,추신수,박성한,최정,한유섬,크론,최주환,김강민,오태곤,이흥련,노바
2022-05-05,NC,박민우,손아섭,박건우,양의지,마티니,권희동,이명기,서호철,노진혁,송명기
2022-05-05,삼성,김지찬,피렐라,이원석,오재일,김태군,김동엽,김헌곤,이재현,김현준,황동재
2022-05-05,롯데,안치홍,정훈,한동희,전준우,이대호,피터스,추재현,지시완,박승욱,스파크맨
2022-05-05,KT,조용호,김민혁,황재균,박병호,장성우,오윤석,배정대,김병희,심우준,엄상백
2022-05-05,키움,김태진,박찬혁,이정후,푸이그,김혜성,송성문,전병우,신준우,이지영,김선기
2022-05-05,KIA,류지혁,김선빈,나성범,박동원,최형우,소크라테스,이정훈,김도영,박찬호,이의리
2022-05-06,KT,조용호,김민혁,황재균,박병호,장성우,배정대,박경수,홍현빈,신본기,고영표
2022-05-06,두산,안권수,조수행,페르난데스,김재환,허경민,강승호,안재석,박세혁,강진성,곽빈
2022-05-06,삼성,김지찬,피렐라,오재일,강민호,이원석,김동엽,김헌곤,이재현,김현준,원태인
2022-05-06,롯데,안치홍,추재현,한동희,전준우,피터스,이대호,이학주,박승욱,정보근,이인복
2022-05-06,LG,박해민,문성주,홍창기,김현수,채은성,오지환,서건창,유강남,김민성,김윤식
2022-05-06,NC,박민우,손아섭,박건우,양의지,마티니,권희동,노진혁,박준영,이명기,이재학
2022-05-06,SSG,추신수,박성한,최정,한유섬,크론,최지훈,김성현,오태곤,이현석,오원석
2022-05-06,키움,이용규,박찬혁,이정후,푸이그,김혜성,송성문,전병우,신준우,이지영,정찬헌
2022-05-06,KIA,류지혁,김선빈,나성범,박동원,최형우,소크라테스,황대인,이우성,박찬호,한승혁
2022-05-06,한화,정은원,최재훈,터크먼,노시환,김태연,하주석,이진영,김인환,박정현,김민우
2022-05-07,KT,조용호,김민혁,오윤석,박병호,배정대,김준태,신본기,홍현빈,심우준,데스파이네
2022-05-07,두산,안권수,조수행,허경민,김재환,강승호,박세혁,안재석,강진성,정수빈,스탁
2022-05-07,삼성,김지찬,피렐라,이원석,강민호,오재일,최영진,김헌곤,이재현,김현준,뷰캐넌
2022-05-07,롯데,안치홍,전준우,한동희,이대호,피터스,정훈,이학주,조세진,정보근,김진욱
2022-05-07,LG,홍창기,문성주,김현수,채은성,오지환,유강남,서건창,김민성,박해민,배재준
2022-05-07,NC,박민우,손아섭,박건우,양의지,마티니,노진혁,박준영,이명기,김응민,루친스키
2022-05-07,SSG,추신수,박성한,최정,한유섬,크론,김강민,최주환,최지훈,이흥련,폰트
2022-05-07,키움,김혜성,송성문,이정후,푸이그,박찬혁,김태진,전병우,김주형,이지영,안우진
2022-05-07,KIA,류지혁,김선빈,나성범,박동원,최형우,소크라테스,황대인,이우성,박찬호,양현종
2022-05-07,한화,정은원,최재훈,터크먼,노시환,김인환,하주석,노수광,원혁재,이도윤,박윤철
2022-05-08,KT,조용호,김민혁,배정대,박병호,박경수,김준태,김병희,홍현빈,심우준,소형준
2022-05-08,두산,안권수,정수빈,강승호,김재환,박세혁,박계범,강진성,안재석,신성현,최원준
2022-05-08,삼성,피렐라,강한울,김태군,이원석,최영진,김헌곤,김동엽,이재현,김현준,수아레즈
2022-05-08,롯데,안치홍,전준우,한동희,이대호,피터스,정훈,이학주,지시완,추재현,반즈
2022-05-08,LG,홍창기,문성주,김현수,채은성,오지환,문보경,이영빈,허도환,박해민,플럿코
2022-05-08,NC,박민우,손아섭,박건우,양의지,마티니,노진혁,이명기,서호철,김응민,파슨스
2022-05-08,SSG,추신수,김성현,김강민,최정,크론,박성한,오태곤,최지훈,이흥련,김광현
2022-05-08,키움,박준태,박찬혁,이정후,푸이그,김혜성,송성문,전병우,김주형,이지영,요키시
2022-05-08,KIA,류지혁,김선빈,나성범,박동원,최형우,소크라테스,황대인,이우성,박찬호,놀린
2022-05-08,한화,정은원,최재훈,터크먼,노시환,김인환,하주석,노수광,원혁재,이도윤,윤대경
2022-05-10,한화,정은원,최재훈,터크먼,노시환,김인환,하주석,이진영,노수광,박정현,장민재
2022-05-10,LG,홍창기,박해민,김현수,채은성,오지환,유강남,문보경,이재원,서건창,이민호
2022-05-10,NC,박민우,손아섭,박건우,양의지,마티니,이명기,노진혁,오영수,박준영,김시훈
2022-05-10,롯데,안치홍,전준우,이대호,피터스,정훈,김민수,이학주,정보근,추재현,박세웅
2022-05-10,SSG,추신수,김강민,최정,한유섬,크론,최주환,박성한,오태곤,이흥련,이태양
2022-05-10,삼성,김지찬,피렐라,이원석,오재일,강민호,김헌곤,김동엽,이재현,김현준,백정현
2022-05-10,KT,조용호,김민혁,배정대,박병호,김준태,김병희,신본기,홍현빈,심우준,배제성
2022-05-10,KIA,류지혁,김선빈,나성범,박동원,최형우,소크라테스,황대인,이우성,박찬호,임기영
2022-05-10,두산,안권수,페르난데스,강승호,김재환,허경민,박세혁,신성현,안재석,정수빈,이영하
2022-05-10,키움,이용규,푸이그,이정후,김혜성,송성문,박찬혁,이지영,신준우,김태진,애플러
2022-05-11,한화,정은원,최재훈,터크먼,노시환,김인환,하주석,이진영,노수광,정민규,남지민
2022-05-11,LG,홍창기,박해민,김현수,채은성,오지환,유강남,문보경,이재원,서건창,켈리
2022-05-11,NC,박민우,손아섭,박건우,양의지,마티니,이명기,노진혁,박준영,최승민,송명기
2022-05-11,롯데,정훈,전준우,한동희,이대호,피터스,김민수,이학주,지시완,추재현,스파크맨
2022-05-11,SSG,추신수,최지훈,최정,한유섬,크론,최주환,박성한,최상민,이흥련,노바
2022-05-11,삼성,김지찬,피렐라,이원석,오재일,김태군,김동엽,김헌곤,이재현,김현준,황동재
2022-05-11,KT,조용호,배정대,김민혁,박병호,장성우,김병희,박경수,김준태,심우준,엄상백
2022-05-11,KIA,류지혁,김선빈,나성범,박동원,최형우,소크라테스,황대인,이우성,박찬호,이의리
2022-05-11,두산,안권수,페르난데스,강승호,김재환,허경민,박세혁,신성현,안재석,정수빈,최승용
2022-05-11,키움,이용규,푸이그,이정후,김혜성,송성문,박찬혁,이지영,김주형,김태진,최원태
2022-05-12,한화,터크먼,정은원,노시환,김인환,박상언,노수광,하주석,정민규,원혁재,김민우
2022-05-12,LG,홍창기,박해민,김현수,채은성,오지환,유강남,문보경,이재원,서건창,배재준
2022-05-12,NC,박민우,손아섭,박건우,마티니,노진혁,오영수,박준영,김응민,최승민,신민혁
2022-05-12,롯데,안치홍,전준우,한동희,이대호,피터스,김민수,추재현,정보근,박승욱,이인복
2022-05-12,SSG,추신수,최지훈,최정,한유섬,크론,최주환,박성한,오태곤,김민식,오원석
2022-05-12,삼성,김지찬,피렐라,이원석,오재일,김동엽,강민호,김헌곤,이재현,김성표,원태인
2022-05-12,KT,조용호,김민혁,황재균,박병호,장성우,배정대,오윤석,김준태,심우준,데스파이네
2022-05-12,KIA,박찬호,김선빈,나성범,박동원,최형우,소크라테스,황대인,이우성,김도영,한승혁
2022-05-12,두산,안권수,페르난데스,강승호,김재환,허경민,박세혁,신성현,안재석,정수빈,박신지
2022-05-12,키움,김태진,푸이그,이정후,이주형,김혜성,송성문,이지영,신준우,박준태,정찬헌
2022-05-13,KIA,박찬호,김선빈,나성범,박동원,최형우,황대인,소크라테스,이우성,김도영,양현종
2022-05-13,LG,홍창기,박해민,김현수,채은성,오지환,유강남,문보경,이재원,서건창,임찬규
2022-05-13,NC,손아섭,이명기,박민우,양의지,마티니,노진혁,오영수,박준영,최승민,루친스키
2022-05-13,SSG,추신수,최지훈,한유섬,크론,최주환,김강민,박성한,김성현,이흥련,폰트
2022-05-13,키움,김태진,푸이그,이정후,이주형,김혜성,송성문,김휘집,전병우,김재현,안우진
2022-05-13,KT,조용호,김민혁,황재균,박병호,장성우,배정대,오윤석,홍현빈,심우준,고영표
2022-05-13,롯데,안치홍,전준우,한동희,이대호,피터스,김민수,추재현,지시완,이학주,반즈
2022-05-13,한화,터크먼,최재훈,정은원,노시환,이진영,김인환,정민규,노수광,박정현,박윤철
2022-05-14,KIA,박찬호,김선빈,나성범,박동원,최형우,황대인,소크라테스,이우성,류지혁,놀린
2022-05-14,LG,홍창기,박해민,김현수,채은성,오지환,문보경,이재원,이상호,허도환,플럿코
2022-05-14,NC,손아섭,이명기,박민우,양의지,마티니,노진혁,박준영,서호철,최승민,파슨스
2022-05-14,SSG,추신수,최지훈,박성한,한유섬,크론,최항,김성현,오태곤,이재원,김광현
2022-05-14,두산,안권수,페르난데스,강승호,김재환,박세혁,허경민,신성현,안재석,정수빈,스탁
2022-05-14,삼성,김지찬,피렐라,이원석,오재일,김동엽,강민호,김헌곤,이재현,김현준,뷰캐넌
2022-05-14,키움,김태진,푸이그,이정후,이주형,김혜성,송성문,전병우,신준우,이지영,요키시
2022-05-14,KT,배정대,김민혁,황재균,박병호,장성우,오윤석,박경수,신본기,홍현빈,소형준
2022-05-14,롯데,안치홍,전준우,한동희,이대호,피터스,이학주,추재현,정보근,황성빈,김진욱
2022-05-14,한화,터크먼,최재훈,정은원,노시환,이진영,김인환,정민규,노수광,박정현,윤대경
2022-05-15,KIA,류지혁,박찬호,나성범,박동원,최형우,소크라테스,황대인,최정용,이우성,임기영
2022-05-15,LG,홍창기,박해민,문보경,채은성,오지환,유강남,이천웅,이재원,서건창,이민호
2022-05-15,NC,손아섭,이명기,박민우,양의지,마티니,박준영,도태훈,김기환,김응민,김시훈
2022-05-15,SSG,추신수,최지훈,크론,한유섬,박성한,오태곤,김성현,최항,김민식,이태양
2022-05-15,두산,안권수,조수행,강승호,김재환,허경민,페르난데스,박세혁,안재석,정수빈,최원준
2022-05-15,삼성,김지찬,피렐라,구자욱,이원석,김태군,김동엽,김헌곤,이재현,강한울,수아레즈
2022-05-15,키움,김태진,푸이그,이정후,박찬혁,김혜성,송성문,전병우,신준우,이지영,애플러
2022-05-15,KT,조용호,김민혁,황재균,박병호,장성우,오윤석,김준태,신본기,배정대,배제성
2022-05-15,롯데,안치홍,전준우,한동희,이대호,피터스,김민수,이학주,정보근,황성빈,박세웅
2022-05-15,한화,터크먼,최재훈,정은원,노시환,노수광,김인환,이진영,원혁재,이도윤,장민재
2022-05-17,SSG,추신수,최지훈,최정,한유섬,크론,박성한,오태곤,김민식,김성현,노바
2022-05-17,두산,안권수,조수행,강승호,김재환,박세혁,허경민,페르난데스,정수빈,안재석,이영하
2022-05-17,KIA,류지혁,김선빈,나성범,박동원,최형우,소크라테스,황대인,이우성,박찬호,이의리
2022-05-17,롯데,안치홍,전준우,한동희,이대호,피터스,김민수,지시완,이학주,황성빈,스파크맨
2022-05-17,키움,김태진,푸이그,김혜성,박찬혁,송성문,이지영,이주형,김휘집,박준태,최원태
2022-05-17,NC,손아섭,이명기,박민우,양의지,마티니,노진혁,오영수,서호철,김기환,송명기
2022-05-17,LG,홍창기,박해민,김현수,채은성,오지환,이재원,문보경,유강남,서건창,켈리
2022-05-17,KT,조용호,김민혁,황재균,박병호,김준태,오윤석,박경수,배정대,권동진,데스파이네
2022-05-17,삼성,김지찬,피렐라,구자욱,오재일,이원석,강민호,김동엽,이재현,김헌곤,백정현
2022-05-17,한화,터크먼,노수광,정은원,노시환,김인환,하주석,박상언,원혁재,박정현,이민우
2022-05-18,SSG,추신수,최지훈,최정,한유섬,박성한,크론,오준혁,김민식,안상현,오원석
2022-05-18,두산,안권수,페르난데스,강승호,김재환,박세혁,김재호,정수빈,김민혁,박계범,곽빈
2022-05-18,KIA,박찬호,김선빈,나성범,황대인,소크라테스,이우성,이창진,임석진,한승택,한승혁
2022-05-18,롯데,안치홍,전준우,한동희,이대호,피터스,이학주,지시완,고승민,황성빈,반즈
2022-05-18,키움,김태진,푸이그,김혜성,김웅빈,송성문,이지영,이주형,김휘집,박준태,정찬헌
2022-05-18,NC,박민우,손아섭,박건우,양의지,마티니,노진혁,오영수,도태훈,김기환,신민혁
2022-05-18,LG,홍창기,박해민,김현수,채은성,오지환,유강남,문보경,이재원,서건창,김윤식
2022-05-18,KT,조용호,김민혁,황재균,박병호,장성우,오윤석,박경수,배정대,신본기,엄상백
2022-05-18,삼성,김지찬,피렐라,구자욱,오재일,이원석,김태군,김헌곤,이재현,김현준,황동재
2022-05-18,한화,터크먼,박상언,정은원,노시환,이진영,노수광,하주석,박정현,정민규,김민우
2022-05-19,SSG,추신수,최지훈,최정,크론,박성한,오태곤,하재훈,안상현,이재원,폰트
2022-05-19,두산,안권수,페르난데스,강승호,김재환,박세혁,김재호,정수빈,박계범,조수행,최승용
2022-05-19,KIA,박찬호,김선빈,나성범,최형우,소크라테스,박동원,류지혁,이창진,김도영,양현종
2022-05-19,롯데,안치홍,전준우,한동희,이대호,피터스,김민수,배성근,정보근,신용수,이인복
2022-05-19,키움,김태진,푸이그,김혜성,송성문,김웅빈,이주형,박준태,김휘집,김재현,안우진
2022-05-19,NC,손아섭,이명기,박민우,양의지,마티니,노진혁,김주원,오영수,김기환,루친스키
2022-05-19,LG,홍창기,박해민,김현수,채은성,오지환,유강남,문보경,이재원,서건창,임찬규
2022-05-19,KT,조용호,김민혁,황재균,박병호,장성우,박경수,배정대,유준규,신본기,고영표
2022-05-19,삼성,김지찬,피렐라,구자욱,오재일,이원석,강민호,김동엽,이재현,김헌곤,원태인
2022-05-19,한화,터크먼,김태연,정은원,노시환,김인환,이진영,하주석,노수광,박상언,남지민
2022-05-20,롯데,황성빈,안치홍,한동희,전준우,피터스,이학주,지시완,이호연,김민수,나균안
2022-05-20,두산,안권수,페르난데스,강승호,김재환,박세혁,허경민,조수행,안재석,정수빈,스탁
2022-05-20,LG,홍창기,박해민,김현수,채은성,오지환,이재원,김민성,이상호,허도환,플럿코
2022-05-20,SSG,추신수,최지훈,최정,한유섬,크론,박성한,오태곤,김성현,이재원,김광현
2022-05-20,KT,조용호,김민혁,황재균,박병호,장성우,오윤석,배정대,유준규,심우준,소형준
2022-05-20,삼성,김지찬,구자욱,이원석,오재일,강민호,김동엽,김헌곤,김성표,이재현,뷰캐넌
2022-05-20,NC,손아섭,이명기,박민우,마티니,박건우,노진혁,김주원,김응민,김기환,이재학
2022-05-20,KIA,류지혁,김선빈,나성범,최형우,황대인,소크라테스,이창진,박동원,박찬호,놀린
2022-05-20,한화,터크먼,최재훈,정은원,노시환,김인환,이진영,하주석,박정현,원혁재,윤대경
2022-05-20,키움,김태진,푸이그,이정후,김혜성,송성문,이지영,전병우,신준우,박주홍,요키시
2022-05-21,롯데,황성빈,이학주,안치홍,이대호,고승민,피터스,안중열,김민수,이호연,박세웅
2022-05-21,두산,안권수,페르난데스,강승호,김재환,허경민,박세혁,김재호,정수빈,박계범,최원준
2022-05-21,LG,홍창기,박해민,김현수,채은성,오지환,유강남,문보경,이재원,서건창,이민호
2022-05-21,SSG,추신수,최지훈,최정,한유섬,크론,박성한,오태곤,김민식,김성현,이태양
2022-05-21,KT,조용호,유준규,황재균,박병호,장성우,오윤석,배정대,홍현빈,심우준,배제성
2022-05-21,삼성,김지찬,오선진,김태군,오재일,최영진,김동엽,김헌곤,김성표,이재현,수아레즈
2022-05-21,NC,손아섭,박민우,박건우,양의지,마티니,노진혁,이명기,김주원,김기환,김시훈
2022-05-21,KIA,류지혁,김선빈,나성범,최형우,황대인,소크라테스,이창진,박동원,박찬호,임기영
2022-05-21,한화,터크먼,최재훈,정은원,노시환,김인환,이진영,하주석,노수광,원혁재,장민재
2022-05-21,키움,김태진,김휘집,이정후,김혜성,송성문,김웅빈,이지영,푸이그,이주형,애플러
2022-05-22,롯데,황성빈,고승민,안치홍,이대호,피터스,이학주,지시완,이호연,김민수,스파크맨
2022-05-22,두산,안권수,페르난데스,강승호,김재환,허경민,박세혁,김재호,정수빈,박계범,이영하
2022-05-22,LG,홍창기,박해민,김현수,채은성,오지환,유강남,문보경,이재원,서건창,켈리
2022-05-22,SSG,추신수,최지훈,최정,크론,박성한,김성현,김민식,오태곤,오준혁,노바
2022-05-22,KT,배정대,김민혁,황재균,박병호,장성우,박경수,김준태,홍현빈,심우준,데스파이네
2022-05-22,삼성,김지찬,오선진,이원석,오재일,강민호,김동엽,김헌곤,이재현,김현준,백정현
2022-05-22,NC,손아섭,박민우,박건우,양의지,마티니,노진혁,이명기,김응민,서호철,송명기
2022-05-22,KIA,류지혁,김선빈,나성범,황대인,소크라테스,최형우,이창진,박동원,박찬호,이의리
2022-05-22,한화,터크먼,최재훈,정은원,노시환,하주석,이진영,김인환,노수광,이도윤,이민우
2022-05-22,키움,김태진,김휘집,이정후,김혜성,송성문,김웅빈,이지영,푸이그,이주형,최원태
2022-05-24,키움,김태진,김휘집,이정후,김혜성,송성문,이지영,김웅빈,푸이그,박주홍,정찬헌
2022-05-24,LG,홍창기,박해민,김현수,채은성,오지환,문보경,유강남,이재원,송찬의,김윤식
2022-05-24,롯데,황성빈,안치홍,이대호,피터스,조세진,지시완,김민수,이학주,배성근,반즈
2022-05-24,SSG,추신수,오태곤,최정,크론,박성한,김성현,하재훈,최지훈,이재원,오원석
2022-05-24,KIA,류지혁,김선빈,나성범,황대인,소크라테스,최형우,이창진,박동원,박찬호,한승혁
2022-05-24,삼성,김지찬,구자욱,이원석,오재일,김태군,이성규,김헌곤,이재현,김현준,황동재
2022-05-24,KT,조용호,김민혁,황재균,박병호,장성우,오윤석,유준규,배정대,심우준,엄상백
2022-05-24,NC,손아섭,박민우,박건우,양의지,마티니,이명기,오영수,김주원,도태훈,신민혁
2022-05-24,두산,안권수,페르난데스,강승호,양석환,허경민,박세혁,김재호,정수빈,조수행,곽빈
2022-05-24,한화,터크먼,최재훈,정은원,노시환,하주석,이진영,김인환,노수광,이도윤,김민우
2022-05-25,키움,김태진,김휘집,이정후,김혜성,송성문,김수환,김재현,푸이그,김준완,안우진
2022-05-25,LG,홍창기,박해민,김현수,채은성,오지환,루이즈,유강남,이재원,송찬의,임찬규
2022-05-25,롯데,황성빈,안치홍,이대호,피터스,고승민,지시완,김민수,이학주,배성근,이인복
2022-05-25,SSG,추신수,최지훈,최정,한유섬,크론,박성한,최주환,오태곤,이재원,폰트
2022-05-25,KIA,류지혁,김선빈,나성범,황대인,소크라테스,최형우,이창진,박동원,박찬호,양현종
2022-05-25,삼성,김지찬,피렐라,구자욱,오재일,이원석,최영진,강민호,이재현,김헌곤,원태인
2022-05-25,KT,조용호,오윤석,김민혁,박병호,장성우,김준태,배정대,장준원,심우준,고영표
2022-05-25,NC,손아섭,박민우,박건우,양의지,마티니,이명기,김주원,도태훈,김기환,루친스키
2022-05-25,두산,허경민,페르난데스,강승호,양석환,김재호,박유연,정수빈,강현구,조수행,최승용
2022-05-25,한화,터크먼,김태연,정은원,노시환,하주석,이진영,박정현,권광민,박상언,카펜터
2022-05-26,키움,김태진,김휘집,이정후,김혜성,송성문,김수환,이지영,푸이그,전병우,요키시
2022-05-26,LG,박해민,송찬의,김현수,채은성,오지환,이형종,이재원,김민성,허도환,플럿코
2022-05-26,롯데,조세진,안치홍,이대호,피터스,김민수,고승민,안중열,배성근,한태양,나균안
2022-05-26,SSG,추신수,최지훈,최정,한유섬,크론,박성한,최주환,오태곤,김민식,김광현
2022-05-26,KIA,류지혁,김선빈,나성범,황대인,소크라테스,최형우,이창진,한승택,박찬호,로니
2022-05-26,삼성,김지찬,피렐라,구자욱,오재일,이원석,강민호,이성규,이재현,김현준,뷰캐넌
2022-05-26,KT,조용호,오윤석,황재균,박병호,장성우,배정대,유준규,홍현빈,심우준,소형준
2022-05-26,NC,손아섭,김기환,박민우,양의지,마티니,이명기,김주원,김응민,도태훈,이재학
2022-05-26,두산,안권수,페르난데스,강승호,양석환,허경민,박세혁,김재호,정수빈,강현구,스탁
2022-05-26,한화,터크먼,최재훈,정은원,노시환,하주석,김인환,이진영,노수광,박정현,윤대경
2022-05-27,삼성,김지찬,구자욱,피렐라,오재일,이원석,김태군,이성규,김현준,오선진,수아레즈
2022-05-27,LG,홍창기,박해민,김현수,채은성,오지환,유강남,루이즈,이재원,송찬의,이민호
2022-05-27,키움,김준완,김휘집,이정후,김혜성,송성문,김웅빈,김수환,푸이그,이지영,애플러
2022-05-27,롯데,고승민,안치홍,이대호,피터스,조세진,이학주,안중열,김민수,배성근,박세웅
2022-05-27,두산,안권수,페르난데스,강승호,김재환,양석환,허경민,박세혁,정수빈,김재호,최원준
2022-05-27,NC,손아섭,박민우,박건우,마티니,양의지,이명기,노진혁,도태훈,김기환,김시훈
2022-05-27,한화,터크먼,이진영,정은원,노시환,하주석,김인환,최재훈,권광민,박정현,장민재
2022-05-27,KT,조용호,오윤석,황재균,박병호,김준태,박경수,배정대,홍현빈,심우준,배제성
2022-05-27,SSG,추신수,최지훈,최정,한유섬,박성한,크론,최주환,김민식,오태곤,이태양
2022-05-27,KIA,류지혁,김선빈,나성범,황대인,소크라테스,최형우,이창진,한승택,박찬호,임기영
2022-05-28,삼성,김지찬,구자욱,피렐라,오재일,이원석,강민호,김헌곤,이성규,오선진,백정현
2022-05-28,LG,홍창기,박해민,김현수,채은성,오지환,유강남,송찬의,이재원,김민성,켈리
2022-05-28,키움,예진원,김휘집,이정후,김혜성,송성문,김수환,김웅빈,푸이그,이지영,최원태
2022-05-28,롯데,황성빈,안치홍,이대호,피터스,고승민,지시완,이학주,김민수,이호연,스파크맨
2022-05-28,두산,김재호,페르난데스,강승호,김재환,허경민,박유연,정수빈,강현구,박세혁,이영하
2022-05-28,NC,손아섭,박민우,박건우,마티니,양의지,이명기,노진혁,서호철,김기환,구창모
2022-05-28,한화,터크먼,이진영,정은원,노시환,하주석,김인환,최재훈,노수광,김태연,이민우
2022-05-28,KT,조용호,배정대,김준태,박병호,장성우,황재균,장준원,홍현빈,심우준,데스파이네
2022-05-28,SSG,추신수,오태곤,최정,한유섬,크론,최주환,하재훈,김성현,이재원,노바
2022-05-28,KIA,류지혁,박찬호,나성범,황대인,소크라테스,최형우,이창진,박동원,김규성,이의리
2022-05-29,삼성,김지찬,피렐라,오재일,구자욱,이원석,김태군,김상수,김헌곤,오선진,황동재
2022-05-29,LG,홍창기,박해민,김현수,채은성,오지환,유강남,송찬의,이재원,김민성,김윤식
2022-05-29,키움,김준완,김휘집,이정후,김혜성,송성문,김수환,박주홍,푸이그,김재현,한현희
2022-05-29,롯데,황성빈,장두성,이대호,피터스,이호연,안중열,이학주,김민수,배성근,반즈
2022-05-29,두산,안권수,페르난데스,강승호,김재환,양석환,박세혁,정수빈,안재석,박계범,곽빈
2022-05-29,NC,손아섭,이명기,박건우,양의지,마티니,노진혁,김주원,김응민,서호철,신민혁
2022-05-29,한화,터크먼,이진영,정은원,노시환,김인환,박정현,노수광,김태연,박상언,김민우
2022-05-29,KT,조용호,배정대,김준태,장성우,황재균,김민혁,김병희,장준원,심우준,엄상백
2022-05-29,SSG,추신수,최지훈,최정,한유섬,크론,최주환,오태곤,김민식,김성현,오원석
2022-05-29,KIA,류지혁,김선빈,나성범,황대인,소크라테스,최형우,이창진,박동원,박찬호,한승혁
2022-05-31,KIA,박찬호,김선빈,나성범,황대인,소크라테스,최형우,이창진,박동원,김도영,양현종
2022-05-31,두산,허경민,페르난데스,강승호,김재환,양석환,김재호,정수빈,장승현,안권수,최승용
2022-05-31,KT,조용호,황재균,김준태,박병호,장성우,박경수,배정대,홍현빈,심우준,고영표
2022-05-31,SSG,최지훈,오준혁,최정,한유섬,최주환,크론,오태곤,이재원,김성현,폰트
2022-05-31,LG,홍창기,박해민,김현수,채은성,오지환,유강남,송찬의,이재원,김민성,임준형
2022-05-31,롯데,안치홍,황성빈,이대호,피터스,조세진,윤동희,이학주,정보근,한태양,이인복
2022-05-31,삼성,김지찬,피렐라,오재일,구자욱,이원석,강민호,김상수,김헌곤,오선진,원태인
2022-05-31,키움,김준완,김휘집,이정후,김혜성,송성문,김수환,박주홍,푸이그,김재현,안우진
2022-05-31,NC,손아섭,박민우,박건우,양의지,마티니,권희동,이명기,서호철,김주원,루친스키
2022-05-31,한화,터크먼,이진영,정은원,노시환,하주석,김인환,최재훈,노수광,박정현,남지민
2022-06-01,KIA,류지혁,김선빈,나성범,황대인,소크라테스,최형우,이창진,박동원,박찬호,로니
2022-06-01,두산,허경민,페르난데스,강승호,김재환,양석환,김인태,정수빈,박계범,박세혁,스탁
2022-06-01,KT,조용호,황재균,김병희,박병호,장성우,박경수,배정대,송민섭,심우준,소형준
2022-06-01,SSG,추신수,최지훈,최정,한유섬,크론,최주환,오준혁,김민식,김성현,김광현
2022-06-01,LG,홍창기,박해민,김현수,채은성,오지환,서건창,이재원,김민성,허도환,플럿코
2022-06-01,롯데,황성빈,안치홍,이대호,피터스,고승민,윤동희,이학주,안중열,이호연,나균안
2022-06-01,삼성,김상수,구자욱,피렐라,오재일,김태군,오선진,김헌곤,이해승,김현준,뷰캐넌
2022-06-01,키움,박주홍,김휘집,이정후,김혜성,송성문,김수환,김웅빈,푸이그,이지영,요키시
2022-06-01,NC,손아섭,권희동,박민우,양의지,마티니,이명기,서호철,김주원,김기환,이재학
2022-06-01,한화,터크먼,최재훈,정은원,노시환,하주석,김인환,노수광,권광민,이도윤,윤대경
2022-06-02,KIA,박찬호,김선빈,나성범,황대인,소크라테스,최형우,이창진,한승택,김도영,임기영
2022-06-02,두산,김인태,정수빈,페르난데스,김재환,양석환,허경민,강승호,안재석,장승현,최원준
2022-06-02,KT,조용호,김민혁,황재균,박병호,장성우,김준태,배정대,오윤석,심우준,데스파이네
2022-06-02,SSG,추신수,최지훈,최정,한유섬,크론,최주환,오태곤,김민식,김성현,이태양
2022-06-02,LG,홍창기,박해민,김현수,채은성,오지환,이재원,서건창,유강남,김민성,이민호
2022-06-02,롯데,황성빈,안치홍,이대호,피터스,고승민,윤동희,이학주,정보근,이호연,박세웅
2022-06-02,삼성,구자욱,김상수,피렐라,오재일,이원석,오선진,김태군,이해승,김현준,수아레즈
2022-06-02,키움,박주홍,김휘집,이정후,푸이그,김혜성,김수환,송성문,이지영,김준완,애플러
2022-06-02,NC,박민우,이명기,손아섭,양의지,권희동,김주원,김수윤,김응민,서호철,김시훈
2022-06-02,한화,터크먼,이진영,정은원,노시환,하주석,김태연,노수광,박정현,박상언,장민재
2022-06-03,SSG,최지훈,오준혁,추신수,한유섬,크론,최주환,김성현,김민식,최경모,노바
2022-06-03,LG,홍창기,문성주,김현수,채은성,오지환,이재원,서건창,유강남,김민성,켈리
2022-06-03,두산,허경민,페르난데스,양석환,김재환,강승호,김인태,박계범,정수빈,장승현,이영하
2022-06-03,삼성,김지찬,구자욱,피렐라,오재일,이원석,오선진,김재성,김헌곤,김현준,허윤동
2022-06-03,롯데,안치홍,황성빈,이대호,피터스,한동희,윤동희,조세진,정보근,한태양,반즈
2022-06-03,NC,박민우,이명기,손아섭,양의지,마티니,권희동,김주원,김수윤,서호철,구창모
2022-06-03,KIA,박찬호,김선빈,나성범,황대인,소크라테스,최형우,이창진,박동원,김규성,이의리
2022-06-03,KT,조용호,김민혁,황재균,장성우,김준태,배정대,오윤석,김병희,심우준,배제성
2022-06-03,키움,김준완,김휘집,이정후,푸이그,김혜성,김수환,송성문,김재현,박주홍,최원태
2022-06-03,한화,터크먼,이진영,정은원,김인환,하주석,김태연,최재훈,권광민,이도윤,이민우
2022-06-04,SSG,추신수,최지훈,하재훈,한유섬,크론,최주환,김성현,이재원,석정우,오원석
2022-06-04,LG,홍창기,박해민,김현수,채은성,송찬의,이재원,유강남,손호영,김민성,김윤식
2022-06-04,두산,김인태,페르난데스,양석환,김재환,허경민,강승호,정수빈,박계범,박세혁,곽빈
2022-06-04,삼성,김지찬,구자욱,피렐라,오재일,강민호,오선진,강한울,김태군,김현준,황동재
2022-06-04,롯데,황성빈,안치홍,이대호,피터스,한동희,고승민,이학주,안중열,이호연,스파크맨
2022-06-04,NC,박민우,이명기,손아섭,마티니,권희동,김주원,김수윤,김응민,김기환,신민혁
2022-06-04,KIA,박찬호,김선빈,나성범,황대인,소크라테스,최형우,이창진,박동원,김규성,김도현
2022-06-04,KT,조용호,김민혁,황재균,장성우,강백호,배정대,오윤석,김병희,심우준,엄상백
2022-06-04,키움,김준완,박주홍,이정후,푸이그,김혜성,송성문,김수환,김주형,이지영,정찬헌
2022-06-04,한화,터크먼,최재훈,정은원,김인환,이진영,김태연,권광민,박정현,이도윤,김민우
2022-06-05,SSG,추신수,최지훈,하재훈,한유섬,박성한,크론,최주환,이재원,최경모,폰트
2022-06-05,LG,홍창기,박해민,김현수,채은성,오지환,송찬의,문보경,이재원,허도환,임준형
2022-06-05,KIA,박찬호,김선빈,나성범,황대인,소크라테스,최형우,이창진,박동원,김규성,양현종
2022-06-05,KT,조용호,김민혁,황재균,박병호,강백호,배정대,오윤석,김준태,심우준,고영표
2022-06-07,한화,터크먼,이진영,정은원,노시환,김인환,하주석,최재훈,노수광,권광민,남지민
2022-06-07,두산,안권수,페르난데스,양석환,김재환,강승호,허경민,박세혁,박계범,정수빈,스탁
2022-06-07,삼성,김지찬,구자욱,피렐라,오재일,강민호,김재성,오선진,강한울,김현준,뷰캐넌
2022-06-07,롯데,안치홍,전준우,이대호,피터스,한동희,정훈,황성빈,정보근,한태양,이인복
2022-06-07,SSG,추신수,최지훈,박성한,한유섬,하재훈,최주환,크론,이재원,최경모,김광현
2022-06-07,NC,박민우,권희동,손아섭,양의지,마티니,윤형준,김주원,서호철,김기환,루친스키
2022-06-07,KT,조용호,김민혁,강백호,박병호,황재균,김준태,배정대,장준원,심우준,심재민
2022-06-07,키움,김준완,김수환,이정후,푸이그,김혜성,송성문,김재현,박주홍,김휘집,한현희
2022-06-08,한화,터크먼,이진영,정은원,노시환,김인환,하주석,최재훈,노수광,김태연,윤대경
2022-06-08,두산,안권수,페르난데스,양석환,김재환,강승호,허경민,박세혁,박계범,정수빈,최원준
2022-06-08,삼성,김지찬,박승규,피렐라,구자욱,김태군,오선진,이태훈,이해승,김헌곤,수아레즈
2022-06-08,롯데,안치홍,전준우,이대호,피터스,추재현,이호연,박승욱,정보근,한태양,반즈
2022-06-08,SSG,추신수,최지훈,박성한,한유섬,하재훈,김민식,전의산,김성현,최경모,이태양
2022-06-08,NC,박민우,권희동,손아섭,양의지,마티니,윤형준,김주원,서호철,최승민,이용준
2022-06-08,LG,홍창기,박해민,김현수,채은성,오지환,문보경,이재원,유강남,송찬의,플럿코
2022-06-08,KIA,류지혁,김선빈,나성범,황대인,소크라테스,최형우,이창진,박동원,박찬호,로니
2022-06-08,KT,배정대,김민혁,황재균,박병호,장성우,강백호,박경수,조용호,심우준,소형준
2022-06-08,키움,김준완,김수환,이정후,푸이그,김혜성,김휘집,송성문,이지영,박주홍,요키시
2022-06-09,한화,터크먼,이진영,정은원,노시환,하주석,김태연,노수광,박정현,박상언,문동주
2022-06-09,두산,안권수,페르난데스,양석환,김재환,허경민,박세혁,강승호,정수빈,안재석,이영하
2022-06-09,삼성,김지찬,구자욱,피렐라,오재일,오선진,강한울,이태훈,김재성,김현준,허윤동
2022-06-09,롯데,안치홍,황성빈,이대호,전준우,피터스,지시완,이호연,한태양,박승욱,스파크맨
2022-06-09,SSG,최지훈,전의산,박성한,한유섬,오준혁,최주환,오태곤,김민식,최경모,김건우
2022-06-09,NC,손아섭,서호철,마티니,양의지,윤형준,정진기,김주원,김응민,김수윤,이재학
2022-06-09,LG,홍창기,박해민,김현수,채은성,오지환,문보경,이재원,유강남,송찬의,이민호
2022-06-09,KIA,이창진,김선빈,나성범,황대인,소크라테스,최형우,박찬호,한승택,류지혁,임기영
2022-06-09,KT,조용호,김민혁,강백호,박병호,장성우,황재균,오윤석,배정대,심우준,벤자민
2022-06-09,키움,김준완,김휘집,이정후,푸이그,김혜성,김수환,송성문,박주홍,이지영,애플러
2022-06-10,두산,안권수,페르난데스,양석환,김재환,허경민,박세혁,정수빈,강승호,안재석,곽빈
2022-06-10,LG,홍창기,박해민,김현수,채은성,오지환,문성주,문보경,유강남,송찬의,켈리
2022-06-10,한화,터크먼,최재훈,정은원,이진영,하주석,변우혁,김인환,박정현,김태연,장민재
2022-06-10,SSG,추신수,최지훈,최정,전의산,박성한,오준혁,김성현,이재원,이정범,오원석
2022-06-10,KT,조용호,김민혁,강백호,박병호,장성우,배정대,황재균,오윤석,장준원,배제성
2022-06-10,롯데,안치홍,황성빈,전준우,피터스,추재현,이호연,한태양,정보근,박승욱,박세웅
2022-06-10,NC,손아섭,서호철,박민우,양의지,마티니,권희동,이명기,김주원,김기환,구창모
2022-06-10,삼성,김지찬,구자욱,피렐라,오재일,오선진,이태훈,김재성,이해승,김현준,황동재
2022-06-10,키움,김준완,송성문,이정후,푸이그,김혜성,김수환,임지열,이지영,김휘집,최원태
2022-06-10,KIA,이창진,김선빈,나성범,황대인,소크라테스,최형우,박찬호,박동원,류지혁,이의리
2022-06-11,두산,안권수,페르난데스,양석환,김재환,허경민,박세혁,김재호,정수빈,강승호,최승용
2022-06-11,LG,홍창기,박해민,김현수,채은성,오지환,문성주,손호영,유강남,김민성,김윤식
2022-06-11,한화,터크먼,최재훈,정은원,김인환,이진영,하주석,노수광,권광민,이도윤,김민우
2022-06-11,SSG,최지훈,박성한,최정,한유섬,전의산,오준혁,오태곤,이재원,김성현,폰트
2022-06-11,KT,조용호,김민혁,강백호,박병호,장성우,배정대,황재균,오윤석,심우준,고영표
2022-06-11,롯데,황성빈,안치홍,이대호,전준우,피터스,이호연,지시완,추재현,박승욱,나균안
2022-06-11,NC,박민우,권희동,손아섭,양의지,마티니,이명기,김주원,서호철,김기환,신민혁
2022-06-11,삼성,김지찬,구자욱,피렐라,오재일,오선진,강민호,이해승,김헌곤,김현준,원태인
2022-06-11,키움,김준완,송성문,이정후,푸이그,김혜성,김수환,김재현,전병우,김휘집,안우진
2022-06-11,KIA,이창진,김선빈,나성범,황대인,소크라테스,최형우,박동원,박찬호,류지혁,양현종
2022-06-12,두산,안권수,페르난데스,양석환,김재환,허경민,강승호,정수빈,박유연,박계범,스탁
2022-06-12,LG,홍창기,박해민,김현수,채은성,오지환,문성주,문보경,손호영,허도환,임준형
2022-06-12,한화,터크먼,김태연,정은원,김인환,이진영,하주석,변우혁,박정현,박상언,남지민
2022-06-12,SSG,추신수,최지훈,최정,전의산,박성한,오준혁,하재훈,김민식,최경모,전영준
2022-06-12,KT,조용호,김민혁,강백호,박병호,황재균,김준태,배정대,오윤석,심우준,데스파이네
2022-06-12,롯데,안치홍,황성빈,이대호,전준우,피터스,이호연,추재현,정보근,박승욱,이인복
2022-06-12,NC,박민우,이명기,손아섭,양의지,마티니,권희동,김주원,윤형준,서호철,루친스키
2022-06-12,삼성,김지찬,구자욱,피렐라,오재일,강민호,오선진,김재성,이해승,김현준,뷰캐넌
2022-06-12,키움,김준완,김수환,이정후,푸이그,송성문,김혜성,임지열,김주형,이지영,정찬헌
2022-06-12,KIA,이창진,김선빈,나성범,황대인,소크라테스,최형우,박동원,박찬호,류지혁,한승혁
2022-06-14,삼성,김지찬,구자욱,피렐라,오재일,강민호,김태군,오선진,이해승,김현준,수아레즈
2022-06-14,LG,홍창기,박해민,김현수,채은성,오지환,문성주,문보경,유강남,손호영,플럿코
2022-06-14,SSG,추신수,최지훈,최정,전의산,박성한,오준혁,하재훈,김민식,김성현,이태양
2022-06-14,KT,조용호,김민혁,강백호,박병호,장성우,황재균,알포드,오윤석,심우준,소형준
2022-06-14,두산,허경민,페르난데스,양석환,김재환,강승호,김인태,정수빈,김재호,박세혁,박신지
2022-06-14,키움,김준완,송성문,이정후,푸이그,김혜성,김수환,김웅빈,이지영,김휘집,요키시
2022-06-15,삼성,피렐라,오선진,오재일,강민호,강한울,송준석,이해승,김재성,김헌곤,허윤동
2022-06-15,LG,홍창기,박해민,김현수,채은성,오지환,문성주,유강남,문보경,손호영,이민호
2022-06-15,KIA,류지혁,김선빈,나성범,황대인,소크라테스,최형우,이창진,한승택,박찬호,임기영
2022-06-15,NC,박민우,이명기,손아섭,양의지,마티니,권희동,박석민,윤형준,김주원,이재학
2022-06-15,SSG,추신수,최지훈,최정,한유섬,박성한,전의산,하재훈,이재원,석정우,노바
2022-06-15,KT,조용호,김민혁,강백호,박병호,알포드,황재균,김준태,장준원,심우준,엄상백
2022-06-15,두산,안권수,페르난데스,양석환,김재환,김인태,강승호,박세혁,박계범,안재석,이영하
2022-06-15,키움,김준완,김수환,이정후,푸이그,송성문,김혜성,임지열,이지영,김휘집,애플러
2022-06-15,롯데,안치홍,황성빈,이대호,전준우,피터스,이호연,지시완,박승욱,한태양,반즈
2022-06-15,한화,터크먼,최재훈,정은원,이진영,하주석,변우혁,김인환,김태연,박정현,윤대경
2022-06-16,삼성,피렐라,오선진,오재일,강민호,강한울,송준석,이해승,김재성,김헌곤,백정현
2022-06-16,LG,홍창기,박해민,김현수,채은성,오지환,송찬의,문보경,유강남,손호영,켈리
2022-06-16,KIA,류지혁,김선빈,나성범,황대인,소크라테스,최형우,박동원,이창진,박찬호,이의리
2022-06-16,NC,박민우,권희동,손아섭,양의지,마티니,박석민,이명기,윤형준,김한별,구창모
2022-06-16,SSG,추신수,최지훈,최정,한유섬,박성한,전의산,오태곤,김민식,김성현,오원석
2022-06-16,KT,조용호,배정대,알포드,박병호,황재균,김준태,박경수,오윤석,심우준,배제성
2022-06-16,두산,안권수,페르난데스,김인태,김재환,강승호,박세혁,정수빈,김재호,안재석,곽빈
2022-06-16,키움,김웅빈,송성문,이정후,푸이그,김혜성,김수환,박주홍,이지영,김휘집,최원태
2022-06-16,롯데,안치홍,전준우,이대호,피터스,한동희,이호연,지시완,추재현,한태양,스파크맨
2022-06-16,한화,터크먼,최재훈,정은원,김인환,이진영,하주석,변우혁,노수광,박정현,장민재
2022-06-17,KT,조용호,알포드,강백호,박병호,황재균,배정대,김준태,오윤석,심우준,고영표
2022-06-17,두산,안권수,페르난데스,김인태,김재환,박세혁,강승호,정수빈,김재호,안재석,최승용
2022-06-17,SSG,추신수,최지훈,최정,한유섬,박성한,전의산,오태곤,이재원,최경모,폰트
2022-06-17,롯데,안치홍,이호연,이대호,전준우,한동희,피터스,황성빈,정보근,이학주,박세웅
2022-06-17,한화,터크먼,최재훈,정은원,김인환,이진영,김태연,권광민,박정현,유로결,김민우
2022-06-17,NC,손아섭,권희동,박민우,양의지,마티니,박석민,이명기,김응민,김주원,송명기
2022-06-17,삼성,김지찬,김현준,피렐라,오재일,강민호,김호재,송준석,이해승,박승규,원태인
2022-06-17,KIA,류지혁,김선빈,나성범,황대인,소크라테스,최형우,박동원,이창진,박찬호,양현종
2022-06-17,LG,홍창기,박해민,김현수,채은성,오지환,문성주,문보경,손호영,허도환,김윤식
2022-06-17,키움,김준완,송성문,이정후,김수환,김웅빈,박주홍,이지영,김주형,김휘집,안우진
2022-06-18,KT,김민혁,알포드,강백호,박병호,김준태,황재균,배정대,오윤석,심우준,데스파이네
2022-06-18,두산,안권수,페르난데스,김인태,김재환,박세혁,김재호,정수빈,강승호,안재석,스탁
2022-06-18,SSG,추신수,최지훈,최정,한유섬,박성한,전의산,오태곤,이재원,최경모,김광현
2022-06-18,롯데,안치홍,피터스,이대호,전준우,한동희,지시완,김민수,한태양,황성빈,이인복
2022-06-18,한화,터크먼,김태연,정은원,김인환,이진영,변우혁,노수광,박정현,박상언,남지민
2022-06-18,NC,손아섭,이명기,박민우,양의지,마티니,권희동,박석민,도태훈,김주원,루친스키
2022-06-18,삼성,김현준,오선진,피렐라,오재일,강민호,최영진,강한울,이해승,박승규,뷰캐넌
2022-06-18,KIA,류지혁,김선빈,나성범,황대인,소크라테스,최형우,박동원,이창진,박찬호,한승혁
2022-06-18,LG,홍창기,박해민,김현수,채은성,오지환,문성주,문보경,유강남,손호영,임찬규
2022-06-18,키움,김준완,송성문,이정후,김혜성,박주홍,김재현,김웅빈,전병우,김휘집,한현희
2022-06-19,KT,조용호,배정대,강백호,박병호,알포드,김준태,황재균,박경수,심우준,소형준
2022-06-19,두산,안권수,페르난데스,강승호,양석환,박세혁,김재호,강진성,정수빈,박계범,최원준
2022-06-19,SSG,추신수,최지훈,최정,한유섬,박성한,전의산,오태곤,김민식,최경모,이태양
2022-06-19,롯데,황성빈,전준우,이대호,피터스,한동희,추재현,지시완,이학주,박승욱,김진욱
2022-06-19,한화,터크먼,김태연,정은원,김인환,이진영,최재훈,권광민,박정현,이도윤,김재영
2022-06-19,NC,손아섭,이명기,박민우,양의지,마티니,권희동,노진혁,서호철,도태훈,신민혁
2022-06-19,삼성,김현준,오선진,피렐라,오재일,강민호,강한울,김태군,이해승,박승규,수아레즈
2022-06-19,KIA,류지혁,김선빈,나성범,황대인,소크라테스,박동원,이창진,이우성,박찬호,로니
2022-06-19,LG,홍창기,박해민,김현수,채은성,오지환,문성주,송찬의,유강남,김민성,플럿코
2022-06-19,키움,김준완,박준태,이정후,김혜성,송성문,김휘집,김웅빈,전병우,이지영,요키시
2022-06-21,한화,터크먼,김태연,정은원,김인환,최재훈,노수광,변우혁,권광민,박정현,라미레즈
2022-06-21,LG,홍창기,박해민,김현수,채은성,오지환,문성주,문보경,유강남,손호영,이민호
2022-06-21,두산,안권수,페르난데스,양석환,김재환,강승호,박세혁,김재호,박계범,양찬열,이영하
2022-06-21,SSG,추신수,최지훈,박성한,한유섬,전의산,하재훈,안상현,김민식,최경모,이건욱
2022-06-21,키움,김준완,송성문,이정후,김혜성,김웅빈,김수환,이지영,박준태,김휘집,애플러
2022-06-21,삼성,김현준,오선진,피렐라,오재일,강민호,김재성,송준석,이해승,안주형,허윤동
2022-06-21,NC,손아섭,이명기,마티니,양의지,권희동,노진혁,박석민,김주원,서호철,이재학
2022-06-21,KT,조용호,김민혁,강백호,박병호,알포드,황재균,김준태,오윤석,심우준,엄상백
2022-06-21,롯데,황성빈,전준우,이대호,안치홍,한동희,피터스,이호연,정보근,한태양,반즈
2022-06-21,KIA,박찬호,이창진,나성범,황대인,소크라테스,김선빈,이우성,한승택,김도영,임기영
2022-06-22,한화,터크먼,김태연,정은원,이진영,김인환,최재훈,권광민,박정현,이도윤,윤대경
2022-06-22,LG,홍창기,박해민,김현수,오지환,문보경,문성주,손호영,유강남,김민성,켈리
2022-06-22,두산,안권수,페르난데스,양석환,김재환,강승호,박세혁,박계범,양찬열,김재호,곽빈
2022-06-22,SSG,추신수,최지훈,최정,한유섬,박성한,크론,하재훈,이재원,김성현,오원석
2022-06-22,키움,김준완,송성문,이정후,김혜성,이용규,김수환,이지영,김웅빈,김휘집,최원태
2022-06-22,삼성,김현준,오선진,피렐라,오재일,김재성,김태군,안주형,이해승,김헌곤,백정현
2022-06-22,NC,손아섭,권희동,박민우,양의지,마티니,노진혁,박석민,서호철,김기환,구창모
2022-06-22,KT,조용호,배정대,강백호,박병호,알포드,황재균,오윤석,김준태,심우준,배제성
2022-06-22,롯데,안치홍,전준우,이대호,피터스,한동희,김민수,이호연,안중열,한태양,스파크맨
2022-06-22,KIA,박찬호,이창진,나성범,황대인,소크라테스,최형우,김선빈,박동원,류지혁,이의리
2022-06-23,키움,김준완,김휘집,이정후,김혜성,송성문,김수환,이지영,이병규,이재홍,안우진
2022-06-23,삼성,김현준,오선진,피렐라,오재일,강민호,김태군,송준석,이해승,김호재,원태인
2022-06-23,롯데,안치홍,황성빈,이대호,전준우,한동희,피터스,이호연,정보근,한태양,박세웅
2022-06-23,KIA,박찬호,이창진,소크라테스,나성범,최형우,김선빈,류지혁,박동원,김도영,양현종
2022-06-24,KIA,박찬호,이창진,소크라테스,나성범,황대인,최형우,김선빈,박동원,류지혁,한승혁
2022-06-24,두산,안권수,양찬열,페르난데스,김재환,양석환,강승호,박세혁,박계범,김재호,스탁
2022-06-24,NC,손아섭,이명기,박민우,양의지,마티니,노진혁,권희동,박석민,서호철,루친스키
2022-06-24,SSG,추신수,최지훈,최정,한유섬,박성한,전의산,오태곤,이재원,김성현,폰트
2022-06-24,키움,김준완,이용규,이정후,김혜성,송성문,김웅빈,김재현,전병우,신준우,한현희
2022-06-24,롯데,안치홍,황성빈,한동희,전준우,이호연,피터스,안중열,박승욱,배성근,이인복
2022-06-24,LG,홍창기,박해민,김현수,채은성,오지환,문보경,이재원,유강남,손호영,임찬규
2022-06-24,KT,배정대,알포드,강백호,박병호,장성우,황재균,이시원,장준원,심우준,고영표
2022-06-24,삼성,김현준,오선진,피렐라,오재일,강민호,김재성,송준석,이해승,김호재,뷰캐넌
2022-06-24,한화,터크먼,김태연,정은원,이진영,김인환,최재훈,변우혁,권광민,박정현,장민재
2022-06-25,KIA,박찬호,이창진,소크라테스,나성범,황대인,최형우,김선빈,박동원,류지혁,로니
2022-06-25,두산,안권수,양찬열,페르난데스,김재환,양석환,박세혁,강승호,박계범,김재호,미란다
2022-06-25,NC,손아섭,권희동,박민우,양의지,마티니,박석민,노진혁,윤형준,정범모,송명기
2022-06-25,SSG,추신수,최지훈,최정,한유섬,박성한,전의산,오태곤,이재원,김성현,김광현
2022-06-25,키움,김준완,김휘집,이정후,송성문,김혜성,김수환,이지영,전병우,박준태,정찬헌
2022-06-25,롯데,안치홍,황성빈,이대호,전준우,한동희,이호연,피터스,정보근,박승욱,김진욱
2022-06-25,LG,홍창기,박해민,김현수,채은성,오지환,문보경,이재원,유강남,손호영,플럿코
2022-06-25,KT,김민혁,알포드,강백호,박병호,김준태,황재균,배정대,장준원,심우준,데스파이네
2022-06-25,삼성,김현준,오선진,피렐라,오재일,김재성,김태군,최영진,이해승,김헌곤,수아레즈
2022-06-25,한화,터크먼,김태연,정은원,김인환,최재훈,권광민,노수광,박정현,이도윤,김민우
2022-06-26,KIA,박찬호,류지혁,소크라테스,나성범,황대인,최형우,이우성,한승택,김규성,임기영
2022-06-26,두산,안권수,양찬열,페르난데스,김재환,양석환,박세혁,강승호,박계범,안재석,최원준
2022-06-26,NC,손아섭,권희동,박민우,양의지,마티니,노진혁,이명기,도태훈,김주원,신민혁
2022-06-26,SSG,추신수,최지훈,최정,한유섬,박성한,전의산,오태곤,김민식,김성현,이태양
2022-06-26,키움,김준완,김휘집,이정후,송성문,김혜성,김수환,이지영,이용규,박준태,애플러
2022-06-26,롯데,안치홍,황성빈,이대호,전준우,한동희,이호연,피터스,안중열,한태양,반즈
2022-06-26,LG,홍창기,박해민,김현수,채은성,문보경,이재원,손호영,이상호,허도환,이민호
2022-06-26,KT,김민혁,알포드,강백호,박병호,장성우,배정대,오윤석,장준원,심우준,벤자민
2022-06-26,삼성,김현준,오선진,피렐라,오재일,김재성,김태군,최영진,이해승,김헌곤,허윤동
2022-06-26,한화,터크먼,김태연,정은원,김인환,이진영,권광민,변우혁,박정현,박상언,남지민
2022-06-28,NC,손아섭,권희동,박민우,양의지,마티니,노진혁,도태훈,서호철,김기환,구창모
2022-06-28,LG,박해민,문성주,김현수,채은성,오지환,문보경,이재원,유강남,손호영,켈리
2022-06-28,두산,안권수,양찬열,페르난데스,김재환,양석환,박세혁,강승호,박계범,안재석,이영하
2022-06-28,롯데,안치홍,황성빈,이대호,전준우,한동희,이호연,피터스,정보근,박승욱,스파크맨
2022-06-28,KT,배정대,알포드,강백호,박병호,장성우,황재균,김민혁,박경수,심우준,소형준
2022-06-28,삼성,김현준,오선진,피렐라,오재일,강민호,김태군,최영진,이해승,김헌곤,백정현
2022-06-28,KIA,박찬호,이창진,소크라테스,나성범,황대인,최형우,김선빈,박동원,류지혁,이의리
2022-06-28,키움,김준완,김휘집,이정후,송성문,김혜성,김수환,이지영,이용규,박준태,최원태
2022-06-28,SSG,추신수,최지훈,최정,한유섬,박성한,크론,오태곤,이재원,김성현,오원석
2022-06-28,한화,터크먼,김태연,정은원,이진영,김인환,최재훈,변우혁,박정현,유로결,라미레즈
2022-06-29,KT,배정대,알포드,강백호,박병호,장성우,황재균,장준원,이시원,심우준,배제성
2022-06-29,삼성,김현준,오선진,피렐라,오재일,강민호,이성규,최영진,이해승,김헌곤,원태인
2022-06-29,KIA,박찬호,이창진,소크라테스,나성범,황대인,최형우,김선빈,한승택,류지혁,양현종
2022-06-29,키움,김준완,김휘집,이정후,송성문,이용규,김수환,김웅빈,이지영,이재홍,안우진
2022-06-29,SSG,추신수,최지훈,최정,한유섬,박성한,전의산,오태곤,김민식,김성현,노경은
2022-06-29,한화,터크먼,김태연,정은원,김인환,최재훈,권광민,변우혁,노수광,박정현,윤대경
2022-06-30,두산,안권수,양찬열,페르난데스,김재환,양석환,박세혁,강승호,박계범,안재석,곽빈
2022-06-30,롯데,안치홍,황성빈,이대호,전준우,한동희,정훈,피터스,정보근,한태양,이인복
2022-06-30,KT,배정대,알포드,강백호,박병호,오윤석,황재균,김준태,송민섭,심우준,데스파이네
2022-06-30,삼성,김현준,오선진,피렐라,오재일,강민호,최영진,이성규,이해승,김헌곤,뷰캐넌
2022-06-30,KIA,박찬호,김선빈,나성범,황대인,소크라테스,박동원,이창진,이우성,김도영,한승혁
2022-06-30,키움,김준완,김휘집,이정후,김혜성,이용규,이병규,이지영,김웅빈,전병우,요키시
2022-07-01,롯데,안치홍,황성빈,이대호,전준우,한동희,피터스,이호연,정보근,한태양,김진욱
2022-07-01,LG,박해민,문성주,김현수,채은성,오지환,이재원,문보경,유강남,손호영,김윤식
2022-07-01,KIA,박찬호,김선빈,나성범,소크라테스,박동원,최형우,황대인,이창진,류지혁,김도현
2022-07-01,SSG,추신수,최지훈,최정,한유섬,박성한,전의산,오태곤,이재원,김성현,폰트
2022-07-01,두산,안권수,양찬열,페르난데스,김재환,양석환,김재호,박세혁,강승호,안재석,스탁
2022-07-01,KT,김민혁,알포드,강백호,박병호,장성우,황재균,배정대,오윤석,장준원,고영표
2022-07-01,한화,터크먼,김태연,정은원,김인환,이진영,권광민,노수광,박상언,이도윤,장민재
2022-07-01,키움,김준완,이용규,이정후,김혜성,김웅빈,이병규,김재현,전병우,김휘집,한현희
2022-07-02,롯데,안치홍,황성빈,이대호,전준우,한동희,정훈,이호연,피터스,안중열,반즈
2022-07-02,LG,박해민,문성주,김현수,채은성,오지환,문보경,이재원,유강남,손호영,플럿코
2022-07-02,KIA,박찬호,김도영,김선빈,나성범,소크라테스,이창진,이우성,한승택,류지혁,임기영
2022-07-02,SSG,추신수,최지훈,최정,한유섬,박성한,크론,김성현,최상민,이재원,김광현
2022-07-02,삼성,김현준,오선진,피렐라,오재일,강민호,김재성,최영진,이해승,김헌곤,허윤동
2022-07-02,NC,손아섭,권희동,박민우,양의지,마티니,박석민,노진혁,박준영,이명기,루친스키
2022-07-02,두산,안권수,양찬열,양석환,김재환,페르난데스,김재호,박계범,장승현,강승호,최원준
2022-07-02,KT,배정대,김민혁,알포드,박병호,장성우,황재균,김준태,오윤석,심우준,벤자민
2022-07-02,한화,터크먼,이진영,정은원,김인환,최재훈,노수광,변우혁,박정현,유로결,김민우
2022-07-02,키움,김준완,김혜성,이정후,송성문,김웅빈,이병규,이지영,김수환,김휘집,정찬헌
2022-07-03,롯데,안치홍,황성빈,이대호,전준우,한동희,정훈,이호연,피터스,정보근,스파크맨
2022-07-03,LG,박해민,문성주,박용택,채은성,오지환,문보경,이재원,유강남,이영빈,임찬규
2022-07-03,KIA,박찬호,김선빈,나성범,황대인,최형우,박동원,이우성,김호령,김도영,이의리
2022-07-03,SSG,추신수,최지훈,최정,한유섬,박성한,크론,김성현,김민식,하재훈,이태양
2022-07-03,삼성,김현준,오선진,피렐라,오재일,김태군,김재성,이재현,이해승,김헌곤,수아레즈
2022-07-03,NC,손아섭,권희동,박민우,양의지,마티니,노진혁,박석민,이명기,박준영,송명기
2022-07-03,두산,정수빈,페르난데스,양석환,김재환,박세혁,김재호,박계범,강승호,조수행,박신지
2022-07-03,KT,배정대,김민혁,알포드,박병호,장성우,황재균,김준태,오윤석,심우준,소형준
2022-07-03,한화,터크먼,김태연,정은원,김인환,이진영,노수광,박상언,권광민,박정현,페냐
2022-07-03,키움,김준완,김혜성,이정후,송성문,이용규,이병규,이지영,김웅빈,신준우,최원태
2022-07-05,키움,김준완,이용규,이정후,송성문,김혜성,이병규,이지영,김휘집,박준태,안우진
2022-07-05,두산,페르난데스,김대한,양석환,김재환,허경민,박세혁,정수빈,박계범,강승호,이영하
2022-07-05,롯데,안치홍,신용수,이대호,전준우,정훈,한동희,피터스,정보근,한태양,박세웅
2022-07-05,SSG,추신수,최지훈,최정,한유섬,박성한,전의산,하재훈,이재원,최경모,오원석
2022-07-05,LG,박해민,문성주,김현수,채은성,오지환,문보경,이재원,유강남,손호영,켈리
2022-07-05,삼성,김현준,피렐라,오재일,강민호,김재성,최영진,김헌곤,이해승,이재현,백정현
2022-07-05,NC,손아섭,권희동,박민우,양의지,마티니,박석민,노진혁,박준영,이명기,구창모
2022-07-05,한화,터크먼,김태연,정은원,김인환,이진영,하주석,최재훈,변우혁,유로결,라미레즈
2022-07-06,키움,김준완,이용규,이정후,송성문,김혜성,이지영,이주형,전병우,김휘집,요키시
2022-07-06,두산,허경민,정수빈,양석환,김재환,페르난데스,김재호,박계범,장승현,김대한,곽빈
2022-07-06,롯데,황성빈,안치홍,이대호,전준우,한동희,정훈,이호연,피터스,안중열,이인복
2022-07-06,SSG,추신수,최지훈,최정,한유섬,박성한,전의산,하재훈,김민식,김성현,노경은
2022-07-06,LG,박해민,문성주,김현수,채은성,오지환,문보경,이재원,유강남,손호영,이민호
2022-07-06,삼성,김현준,피렐라,오재일,강민호,김재성,오선진,안주형,이재현,김헌곤,원태인
2022-07-06,KT,조용호,배정대,알포드,박병호,장성우,황재균,장준원,김준태,심우준,데스파이네
2022-07-06,KIA,박찬호,고종욱,김선빈,나성범,황대인,최형우,박동원,이창진,김도영,양현종
2022-07-06,NC,손아섭,권희동,박민우,양의지,마티니,노진혁,박석민,도태훈,박준영,신민혁
2022-07-06,한화,터크먼,노수광,정은원,김인환,김태연,하주석,최재훈,권광민,박상언,남지민
2022-07-07,키움,김준완,김혜성,김수환,송성문,푸이그,김휘집,김시앙,박준태,이용규,애플러
2022-07-07,두산,허경민,페르난데스,양석환,김재환,박계범,김재호,정수빈,양찬열,장승현,스탁
2022-07-07,롯데,황성빈,이호연,이대호,정훈,한동희,고승민,피터스,이학주,정보근,김진욱
2022-07-07,SSG,추신수,최지훈,최정,한유섬,박성한,하재훈,오태곤,이재원,김성현,폰트
2022-07-07,LG,박해민,문성주,김현수,채은성,오지환,문보경,유강남,이재원,이영빈,김윤식
2022-07-07,삼성,김현준,오선진,피렐라,오재일,이원석,김재성,강민호,이재현,김헌곤,뷰캐넌
2022-07-07,NC,손아섭,권희동,박민우,양의지,마티니,노진혁,이명기,박준영,김응민,이재학
2022-07-07,한화,터크먼,노수광,정은원,김인환,이진영,하주석,김태연,최재훈,권광민,장민재
2022-07-08,LG,박해민,문성주,김현수,채은성,오지환,문보경,유강남,이재원,이영빈,플럿코
2022-07-08,두산,허경민,페르난데스,양석환,김재환,박세혁,김재호,조수행,신성현,서예일,최원준
2022-07-08,SSG,추신수,최지훈,하재훈,한유섬,박성한,오태곤,김성현,이재원,최경모,김광현
2022-07-08,삼성,김현준,오선진,피렐라,오재일,이원석,김재성,박승규,이재현,김헌곤,허윤동
2022-07-08,롯데,안치홍,황성빈,이대호,전준우,한동희,정훈,피터스,안중열,한태양,반즈
2022-07-08,KT,조용호,배정대,알포드,박병호,장성우,황재균,박경수,오윤석,심우준,벤자민
2022-07-08,한화,터크먼,김태연,정은원,김인환,이진영,하주석,박상언,박정현,유로결,김민우
2022-07-08,KIA,박찬호,이창진,김선빈,나성범,황대인,최형우,박동원,김호령,김도영,이의리
2022-07-08,NC,손아섭,권희동,박민우,양의지,마티니,박석민,이명기,박준영,김기환,루친스키
2022-07-08,키움,김준완,김혜성,이정후,송성문,푸이그,이주형,김휘집,김시앙,이용규,한현희
2022-07-09,LG,박해민,문성주,김현수,채은성,오지환,문보경,이재원,이영빈,허도환,임찬규
2022-07-09,두산,허경민,페르난데스,양석환,김재환,박세혁,안재석,김재호,조수행,양찬열,박신지
2022-07-09,SSG,추신수,최지훈,박성한,한유섬,전의산,최주환,하재훈,김민식,김성현,이태양
2022-07-09,삼성,김현준,오선진,피렐라,오재일,이원석,김태군,박승규,이해승,이재현,수아레즈
2022-07-09,롯데,황성빈,안치홍,이대호,전준우,한동희,이호연,피터스,이학주,안중열,스파크맨
2022-07-09,KT,조용호,김민혁,알포드,박병호,장성우,황재균,배정대,오윤석,심우준,소형준
2022-07-09,한화,터크먼,김태연,정은원,김인환,하주석,최재훈,노수광,변우혁,유로결,페냐
2022-07-09,KIA,박찬호,김도영,김선빈,나성범,황대인,고종욱,김석환,한승택,김호령,임기영
2022-07-09,NC,손아섭,권희동,박민우,양의지,마티니,노진혁,박석민,박준영,김응민,송명기
2022-07-09,키움,김준완,김혜성,이정후,송성문,푸이그,이주형,임지열,이지영,김휘집,최원태
2022-07-10,LG,박해민,문성주,김현수,채은성,문보경,유강남,이영빈,이재원,손호영,켈리
2022-07-10,두산,허경민,양찬열,페르난데스,양석환,안재석,박세혁,박계범,조수행,김대한,이영하
2022-07-10,SSG,추신수,최지훈,박성한,최정,전의산,하재훈,오태곤,이재원,김성현,오원석
2022-07-10,삼성,김현준,오선진,피렐라,오재일,이원석,강민호,이재현,이해승,박승규,백정현
2022-07-10,롯데,안치홍,황성빈,한동희,전준우,정훈,피터스,고승민,이학주,정보근,박세웅
2022-07-10,KT,조용호,김민혁,알포드,박병호,장성우,황재균,배정대,오윤석,심우준,배제성
2022-07-10,한화,터크먼,김태연,정은원,김인환,하주석,이진영,변우혁,박상언,유로결,라미레즈
2022-07-10,KIA,박찬호,김도영,고종욱,나성범,황대인,류지혁,김석환,한승택,김호령,한승혁
2022-07-10,NC,손아섭,권희동,박민우,양의지,마티니,박준영,이명기,서호철,오영수,구창모
2022-07-10,키움,김준완,김혜성,이정후,송성문,푸이그,이용규,이주형,이지영,김휘집,안우진
2022-07-12,KIA,류지혁,김도영,김선빈,나성범,황대인,최형우,이창진,한승택,김호령,양현종
2022-07-12,LG,박해민,문성주,김현수,채은성,오지환,문보경,유강남,이재원,손호영,이민호
2022-07-12,키움,김준완,김혜성,이정후,송성문,푸이그,이용규,이주형,이지영,김휘집,요키시
2022-07-12,SSG,추신수,최지훈,최정,한유섬,박성한,전의산,김성현,이재원,오태곤,노경은
2022-07-12,한화,터크먼,김태연,정은원,김인환,하주석,최재훈,노수광,권광민,이도윤,장민재
2022-07-12,롯데,안치홍,전준우,이대호,정훈,한동희,고승민,피터스,이학주,안중열,이인복
2022-07-12,두산,허경민,페르난데스,양석환,김재환,박세혁,박계범,안재석,조수행,김대한,곽빈
2022-07-12,NC,박민우,권희동,마티니,양의지,박건우,이명기,박준영,오영수,김주원,신민혁
2022-07-12,삼성,김현준,피렐라,오재일,이원석,김태군,오선진,강민호,이재현,김헌곤,원태인
2022-07-12,KT,조용호,배정대,알포드,박병호,장성우,황재균,김준태,오윤석,심우준,데스파이네
2022-07-13,한화,터크먼,유로결,김태연,김인환,이진영,하주석,최재훈,변우혁,박정현,남지민
2022-07-13,롯데,안치홍,황성빈,이대호,전준우,한동희,정훈,피터스,이호연,정보근,반즈
2022-07-13,두산,안권수,페르난데스,양석환,김재환,허경민,박세혁,김재호,안재석,양찬열,스탁
2022-07-13,NC,이명기,김주원,권희동,마티니,박건우,오영수,서호철,도태훈,박대온,이재학
2022-07-14,KIA,이창진,김도영,나성범,황대인,최형우,김선빈,류지혁,한승택,김호령,파노니
2022-07-14,LG,박해민,문성주,김현수,채은성,오지환,문보경,유강남,이재원,이상호,플럿코
2022-07-14,키움,김준완,김혜성,이정후,푸이그,송성문,김휘집,이주형,이지영,이용규,정찬헌
2022-07-14,SSG,추신수,최지훈,최정,한유섬,박성한,전의산,김성현,이재원,오태곤,폰트
2022-07-14,한화,터크먼,김태연,정은원,김인환,이진영,하주석,박상언,노수광,박정현,페냐
2022-07-14,롯데,안치홍,전준우,이대호,정훈,한동희,고승민,피터스,이학주,안중열,스파크맨
2022-07-14,두산,허경민,안권수,페르난데스,김재환,양석환,박세혁,김재호,안재석,홍성호,최원준
2022-07-14,NC,이명기,김주원,박건우,양의지,마티니,권희동,오영수,서호철,도태훈,루친스키
2022-07-14,삼성,김현준,피렐라,오재일,이원석,김재성,강민호,김성윤,이재현,오선진,뷰캐넌
2022-07-14,KT,조용호,배정대,알포드,박병호,장성우,황재균,오윤석,김민혁,심우준,고영표
2022-07-22,SSG,추신수,최지훈,최정,한유섬,박성한,전의산,최주환,이재원,오태곤,김광현
2022-07-22,두산,허경민,강승호,페르난데스,김재환,양석환,김재호,박세혁,정수빈,김대한,스탁
2022-07-22,KIA,박찬호,이창진,나성범,황대인,김선빈,이우성,김호령,한승택,김도영,파노니
2022-07-22,롯데,안치홍,황성빈,이대호,전준우,한동희,정훈,안중열,박승욱,조세진,반즈
2022-07-22,LG,박해민,문성주,김현수,채은성,오지환,문보경,이재원,유강남,손호영,켈리
2022-07-22,NC,박민우,이명기,박건우,마티니,양의지,권희동,노진혁,김주원,오영수,구창모
2022-07-22,삼성,김현준,구자욱,피렐라,오재일,이원석,강민호,이재현,이해승,오선진,원태인
2022-07-22,키움,김준완,김혜성,이정후,푸이그,송성문,김수환,이주형,이지영,김휘집,안우진
2022-07-22,KT,조용호,김민혁,알포드,박병호,황재균,배정대,김준태,오윤석,장준원,벤자민
2022-07-22,한화,터크먼,김태연,정은원,노시환,김인환,하주석,이진영,최재훈,유로결,라미레즈
2022-07-23,KIA,박찬호,이창진,나성범,황대인,최형우,김선빈,류지혁,한승택,김호령,양현종
2022-07-23,롯데,안치홍,황성빈,이대호,전준우,한동희,정훈,조세진,이학주,정보근,박세웅
2022-07-23,LG,박해민,문성주,오지환,채은성,문보경,유강남,서건창,이재원,손호영,김윤식
2022-07-23,NC,박민우,이명기,박건우,양의지,마티니,권희동,노진혁,오영수,김주원,이용준
2022-07-23,삼성,김현준,구자욱,피렐라,오재일,이원석,강민호,이재현,김헌곤,오선진,뷰캐넌
2022-07-23,키움,김준완,김혜성,이정후,송성문,김휘집,이지영,김주형,전병우,이용규,요키시
2022-07-23,KT,조용호,배정대,알포드,박병호,장성우,황재균,김민혁,오윤석,신본기,고영표
2022-07-23,한화,터크먼,김태연,정은원,노시환,김인환,하주석,장진혁,최재훈,노수광,김민우
2022-07-24,SSG,추신수,최지훈,최정,한유섬,박성한,전의산,김강민,이재원,김성현,폰트
2022-07-24,두산,안권수,페르난데스,양석환,김재환,허경민,박세혁,안재석,박계범,정수빈,곽빈
2022-07-24,KIA,박찬호,이창진,나성범,황대인,최형우,김선빈,류지혁,한승택,김호령,이의리
2022-07-24,롯데,안치홍,황성빈,이대호,전준우,렉스,한동희,정훈,안중열,이호연,스파크맨
2022-07-24,LG,박해민,문성주,오지환,채은성,서건창,문보경,유강남,이재원,이영빈,배재준
2022-07-24,NC,박민우,이명기,박건우,양의지,마티니,권희동,노진혁,김주원,도태훈,루친스키
2022-07-24,삼성,김현준,구자욱,피렐라,오재일,강민호,김재성,이원석,이재현,오선진,허윤동
2022-07-24,키움,김준완,김혜성,이정후,송성문,김휘집,푸이그,이주형,김시앙,이용규,애플러
2022-07-24,KT,조용호,배정대,알포드,박병호,장성우,황재균,김민혁,오윤석,신본기,소형준
2022-07-24,한화,터크먼,김태연,정은원,노시환,김인환,하주석,이진영,장진혁,박상언,페냐
2022-07-26,롯데,안치홍,전준우,이대호,렉스,정훈,한동희,고승민,정보근,이학주,김진욱
2022-07-26,두산,허경민,페르난데스,양석환,김재환,김재호,강승호,강진성,박세혁,김태근,최원준
2022-07-26,LG,박해민,문성주,김현수,채은성,가르시아,오지환,유강남,문보경,이재원,플럿코
2022-07-26,SSG,추신수,최지훈,박성한,최정,한유섬,전의산,라가레스,이재원,최주환,오원석
2022-07-26,한화,터크먼,이진영,정은원,노시환,김인환,하주석,최재훈,장진혁,박정현,장민재
2022-07-26,삼성,김현준,구자욱,피렐라,오재일,이원석,김재성,김상수,이재현,오선진,백정현
2022-07-26,키움,이용규,김혜성,이정후,송성문,김휘집,푸이그,이병규,김시앙,김준완,한현희
2022-07-26,KT,조용호,김민혁,알포드,박병호,황재균,김준태,배정대,양승혁,신본기,데스파이네
2022-07-26,NC,박민우,이명기,박건우,양의지,마티니,손아섭,권희동,노진혁,김주원,신민혁
2022-07-26,KIA,박찬호,이창진,나성범,황대인,최형우,김선빈,류지혁,한승택,김호령,임기영
2022-07-27,롯데,황성빈,안치홍,한동희,전준우,이대호,렉스,정훈,이학주,안중열,이인복
2022-07-27,두산,안권수,페르난데스,양석환,김재환,박세혁,허경민,김재호,안재석,김태근,이영하
2022-07-27,LG,박해민,문성주,김현수,채은성,가르시아,오지환,유강남,문보경,이재원,임찬규
2022-07-27,SSG,추신수,최지훈,최정,전의산,박성한,한유섬,라가레스,김민식,김성현,모리만도
2022-07-27,한화,터크먼,김태연,정은원,노시환,김인환,하주석,장진혁,최재훈,노수광,남지민
2022-07-27,삼성,김현준,구자욱,피렐라,오재일,이원석,김태군,김상수,이재현,오선진,수아레즈
2022-07-27,키움,이용규,김혜성,이정후,송성문,김휘집,박찬혁,이지영,푸이그,김준완,정찬헌
2022-07-27,KT,조용호,배정대,알포드,박병호,장성우,황재균,김준태,양승혁,심우준,엄상백
2022-07-27,NC,박민우,손아섭,박건우,양의지,마티니,권희동,노진혁,박준영,박대온,이재학
2022-07-27,KIA,박찬호,이창진,나성범,황대인,최형우,김선빈,류지혁,박동원,김호령,놀린
2022-07-28,롯데,렉스,고승민,전준우,이대호,안치홍,한동희,이호연,안중열,이학주,반즈
2022-07-28,두산,허경민,페르난데스,양석환,김재환,김재호,박계범,안권수,강진성,안승한,스탁
2022-07-28,LG,박해민,문성주,김현수,가르시아,오지환,유강남,문보경,이재원,서건창,켈리
2022-07-28,SSG,추신수,최지훈,최정,전의산,박성한,한유섬,라가레스,이재원,김성현,김광현
2022-07-28,한화,터크먼,김태연,정은원,노시환,김인환,하주석,이진영,박상언,유로결,라미레즈
2022-07-28,삼성,김현준,구자욱,피렐라,오재일,이원석,김태군,강민호,김지찬,오선진,원태인
2022-07-28,키움,이용규,김혜성,이정후,송성문,김휘집,푸이그,이지영,박찬혁,김태진,안우진
2022-07-28,KT,조용호,배정대,알포드,박병호,장성우,황재균,문상철,신본기,심우준,벤자민
2022-07-28,NC,박민우,손아섭,박건우,양의지,마티니,권희동,노진혁,김주원,이명기,구창모
2022-07-28,KIA,박찬호,이창진,나성범,황대인,최형우,김선빈,박동원,김호령,김도영,파노니
2022-07-29,KT,조용호,김민혁,알포드,박병호,장성우,황재균,배정대,박경수,심우준,고영표
2022-07-29,LG,홍창기,박해민,김현수,가르시아,오지환,문성주,문보경,서건창,허도환,김윤식
2022-07-29,롯데,렉스,황성빈,한동희,전준우,이대호,안치홍,정훈,이학주,정보근,스파크맨
2022-07-29,삼성,김현준,구자욱,피렐라,이원석,김재성,강민호,김상수,김지찬,오선진,황동재
2022-07-29,키움,김준완,이용규,이정후,김혜성,푸이그,송성문,이지영,김주형,김태진,요키시
2022-07-29,NC,박민우,손아섭,박건우,양의지,마티니,권희동,노진혁,김주원,이명기,송명기
2022-07-29,SSG,추신수,최지훈,라가레스,최정,박성한,김강민,전의산,김성현,김민식,이태양
2022-07-29,KIA,박찬호,이창진,나성범,황대인,최형우,김선빈,류지혁,한승택,김호령,양현종
2022-07-29,두산,허경민,김인태,페르난데스,김재환,양석환,안권수,박세혁,안재석,박계범,최승용
2022-07-29,한화,터크먼,김태연,정은원,노시환,하주석,박정현,장진혁,최재훈,장운호,김민우
2022-07-30,KT,조용호,배정대,알포드,박병호,장성우,황재균,문상철,박경수,심우준,소형준
2022-07-30,LG,홍창기,박해민,김현수,가르시아,오지환,문성주,문보경,유강남,이영빈,배재준
2022-07-30,롯데,안치홍,전준우,이대호,렉스,한동희,정훈,황성빈,정보근,이학주,박세웅
2022-07-30,삼성,김현준,구자욱,피렐라,이원석,김재성,강민호,김상수,김지찬,오선진,허윤동
2022-07-30,키움,김준완,김혜성,이정후,푸이그,송성문,김휘집,김태진,이지영,이용규,최원태
2022-07-30,NC,박민우,손아섭,박건우,양의지,마티니,권희동,노진혁,김주원,이명기,루친스키
2022-07-30,SSG,추신수,최지훈,최정,전의산,김강민,박성한,라가레스,이재원,김성현,폰트
2022-07-30,KIA,박찬호,이창진,나성범,황대인,최형우,김선빈,류지혁,박동원,김호령,이의리
2022-07-30,두산,허경민,김인태,페르난데스,김재환,양석환,박세혁,안권수,안재석,강승호,박신지
2022-07-30,한화,터크먼,장진혁,정은원,노시환,하주석,김인환,최재훈,노수광,박정현,페냐
2022-07-31,롯데,렉스,황성빈,한동희,전준우,이대호,정훈,안치홍,이학주,안중열,이민석
2022-07-31,삼성,김현준,구자욱,피렐라,이원석,김재성,강민호,김상수,김지찬,오선진,최하늘
2022-07-31,SSG,추신수,최지훈,최정,전의산,박성한,한유섬,라가레스,이재원,김성현,박종훈
2022-07-31,KIA,박찬호,이창진,나성범,황대인,최형우,김선빈,류지혁,박동원,김호령,임기영
2022-08-02,LG,홍창기,박해민,김현수,채은성,가르시아,오지환,문성주,유강남,문보경,플럿코
2022-08-02,롯데,렉스,황성빈,한동희,전준우,이대호,안치홍,정훈,이학주,정보근,이인복
2022-08-02,SSG,추신수,최지훈,최정,전의산,박성한,한유섬,라가레스,김민식,김성현,모리만도
2022-08-02,키움,김준완,김휘집,이정후,푸이그,송성문,박찬혁,이지영,김주형,이용규,정찬헌
2022-08-02,KIA,박찬호,소크라테스,이창진,나성범,황대인,최형우,박동원,류지혁,김선빈,놀린
2022-08-02,한화,터크먼,장진혁,정은원,노시환,하주석,김인환,김태연,최재훈,장운호,장민재
2022-08-03,삼성,김현준,강한울,피렐라,구자욱,오재일,김태군,김재성,김지찬,김상수,수아레즈
2022-08-03,두산,허경민,김인태,페르난데스,김재환,양석환,박세혁,안권수,김재호,안재석,최원준
2022-08-03,LG,홍창기,박해민,김현수,채은성,가르시아,문성주,유강남,문보경,이영빈,임찬규
2022-08-03,롯데,안치홍,렉스,이대호,전준우,한동희,이호연,지시완,이학주,황성빈,반즈
2022-08-03,KT,조용호,배정대,알포드,박병호,황재균,김민혁,박경수,김준태,심우준,데스파이네
2022-08-03,NC,박민우,손아섭,박건우,양의지,마티니,권희동,노진혁,김주원,이명기,구창모
2022-08-03,SSG,추신수,최지훈,최정,한유섬,박성한,김강민,전의산,이재원,최주환,김광현
2022-08-03,키움,김준완,송성문,이정후,푸이그,김혜성,박찬혁,김휘집,이지영,김태진,안우진
2022-08-03,KIA,박찬호,소크라테스,이창진,나성범,황대인,최형우,김선빈,박동원,류지혁,파노니
2022-08-03,한화,터크먼,장진혁,정은원,노시환,하주석,김인환,김태연,최재훈,장운호,남지민
2022-08-04,삼성,김지찬,김현준,구자욱,피렐라,오재일,김재성,강한울,강민호,오선진,원태인
2022-08-04,두산,허경민,김인태,페르난데스,김재환,양석환,박세혁,안권수,김재호,안재석,이영하
2022-08-04,LG,박해민,문성주,김현수,채은성,오지환,가르시아,문보경,이재원,허도환,김윤식
2022-08-04,롯데,렉스,안치홍,한동희,전준우,이대호,지시완,배성근,박승욱,황성빈,박세웅
2022-08-04,KT,조용호,배정대,알포드,박병호,김민혁,김준태,신본기,권동진,심우준,벤자민
2022-08-04,NC,손아섭,권희동,박건우,양의지,마티니,노진혁,천재환,김주원,박준영,송명기
2022-08-04,SSG,추신수,최지훈,김강민,최정,라가레스,박성한,오태곤,김민식,김성현,이태양
2022-08-04,키움,이용규,송성문,이정후,푸이그,김혜성,박찬혁,김휘집,이지영,김태진,요키시
2022-08-04,KIA,박찬호,이창진,나성범,황대인,소크라테스,최형우,김선빈,한승택,김도영,양현종
2022-08-04,한화,터크먼,김태연,정은원,노시환,하주석,김인환,노수광,박상언,이원석,라미레즈
2022-08-05,키움,김준완,김태진,이정후,푸이그,김혜성,김휘집,송성문,이지영,박준태,최원태
2022-08-05,LG,박해민,문성주,김현수,채은성,오지환,가르시아,문보경,유강남,홍창기,켈리
2022-08-05,삼성,김지찬,김현준,김재성,피렐라,오재일,구자욱,이원석,강민호,강한울,황동재
2022-08-05,SSG,추신수,최지훈,최정,한유섬,박성한,김강민,전의산,이재원,김성현,폰트
2022-08-05,NC,박민우,손아섭,박건우,양의지,마티니,노진혁,이명기,김주원,박대온,신민혁
2022-08-05,롯데,황성빈,고승민,안치홍,렉스,이대호,이호연,이학주,강태율,박승욱,나균안
2022-08-05,한화,터크먼,노수광,정은원,노시환,하주석,김인환,장진혁,최재훈,박정현,김민우
2022-08-05,KT,조용호,황재균,김민혁,알포드,장성우,배정대,박경수,김태훈,심우준,고영표
2022-08-05,두산,허경민,김인태,양석환,페르난데스,송승환,김재호,박세혁,강승호,정수빈,브랜든
2022-08-05,KIA,박찬호,김선빈,나성범,황대인,소크라테스,박동원,이우성,김호령,김도영,이의리
2022-08-06,키움,김준완,송성문,이정후,푸이그,김혜성,김휘집,김태진,박찬혁,김시앙,한현희
2022-08-06,LG,홍창기,박해민,김현수,채은성,오지환,이재원,가르시아,문보경,유강남,이민호
2022-08-06,삼성,김지찬,김현준,구자욱,피렐라,오재일,강민호,이원석,김태군,김상수,허윤동
2022-08-06,SSG,추신수,최지훈,최정,한유섬,하재훈,전의산,김성현,이재원,최주환,박종훈
2022-08-06,NC,박민우,손아섭,박건우,양의지,마티니,권희동,노진혁,김주원,이명기,루친스키
2022-08-06,롯데,황성빈,고승민,안치홍,렉스,이대호,이호연,이학주,강태율,박승욱,최영환
2022-08-06,한화,터크먼,김태연,정은원,노시환,하주석,김인환,장진혁,최재훈,장운호,페냐
2022-08-06,KT,조용호,황재균,알포드,박병호,장성우,김민혁,배정대,박경수,심우준,소형준
2022-08-06,두산,안권수,김인태,양석환,페르난데스,송승환,박세혁,허경민,안재석,김재호,스탁
2022-08-06,KIA,박찬호,이창진,나성범,황대인,소크라테스,최형우,김선빈,박동원,김도영,임기영
2022-08-07,키움,이용규,김휘집,이정후,푸이그,김혜성,이지영,김태진,송성문,김준완,애플러
2022-08-07,LG,홍창기,박해민,김현수,채은성,오지환,문성주,가르시아,문보경,유강남,플럿코
2022-08-07,삼성,김지찬,김현준,오선진,피렐라,김재성,이원석,구자욱,강한울,송준석,장필준
2022-08-07,SSG,최지훈,전의산,추신수,최정,박성한,김강민,한유섬,김민식,최주환,모리만도
2022-08-07,NC,박민우,손아섭,박건우,양의지,마티니,권희동,노진혁,박준영,도태훈,김태경
2022-08-07,롯데,렉스,고승민,한동희,이대호,안치홍,추재현,이학주,지시완,박승욱,이인복
2022-08-07,한화,터크먼,정은원,노시환,김인환,하주석,장운호,박상언,박정현,이원석,장민재
2022-08-07,KT,조용호,김민혁,알포드,박병호,장성우,황재균,배정대,신본기,심우준,엄상백
2022-08-07,두산,허경민,정수빈,양석환,페르난데스,송승환,김재호,강승호,안승한,안권수,곽빈
2022-08-07,KIA,박찬호,이창진,나성범,황대인,소크라테스,최형우,김선빈,박동원,류지혁,놀린
2022-08-10,NC,박민우,손아섭,박건우,양의지,마티니,노진혁,김주원,도태훈,이명기,이재학
2022-08-10,두산,허경민,김인태,양석환,페르난데스,박세혁,김재호,안재석,정수빈,송승환,최원준
2022-08-10,KT,조용호,배정대,알포드,박병호,장성우,황재균,김민혁,박경수,심우준,벤자민
2022-08-10,SSG,추신수,최지훈,라가레스,최정,김강민,박성한,오태곤,이재원,김성현,김광현
2022-08-10,KIA,박찬호,이창진,나성범,황대인,소크라테스,최형우,김선빈,박동원,류지혁,파노니
2022-08-10,삼성,김지찬,김현준,김재성,피렐라,오재일,구자욱,김태군,강한울,김상수,수아레즈
2022-08-10,롯데,황성빈,렉스,한동희,이대호,정훈,이호연,박승욱,정보근,장두성,스트레일리
2022-08-10,키움,김준완,김혜성,이정후,푸이그,김휘집,이지영,송성문,전병우,김태진,안우진
2022-08-11,NC,박민우,손아섭,박건우,마티니,권희동,노진혁,김주원,박대온,이명기,신민혁
2022-08-11,두산,정수빈,김인태,양석환,페르난데스,허경민,박세혁,안재석,김재호,조수행,브랜든
2022-08-11,KT,조용호,배정대,알포드,박병호,황재균,김준태,박경수,신본기,심우준,데스파이네
2022-08-11,SSG,추신수,최지훈,전의산,최정,박성한,라가레스,한유섬,김민식,김성현,오원석
2022-08-11,롯데,신용수,황성빈,한동희,렉스,정훈,김민수,한태양,강태율,장두성,반즈
2022-08-11,키움,김준완,김혜성,이정후,푸이그,송성문,임지열,이주형,이지영,김휘집,요키시
2022-08-12,NC,박민우,손아섭,박건우,마티니,권희동,이명기,노진혁,박대온,김주원,루친스키
2022-08-12,두산,정수빈,김인태,허경민,페르난데스,양석환,박세혁,안재석,김재호,양찬열,스탁
2022-08-12,KT,조용호,김민혁,알포드,박병호,장성우,황재균,배정대,신본기,심우준,고영표
2022-08-12,SSG,최지훈,전의산,최정,한유섬,박성한,라가레스,최주환,이재원,김성현,폰트
2022-08-12,KIA,박찬호,이창진,나성범,황대인,소크라테스,최형우,김선빈,박동원,류지혁,양현종
2022-08-12,삼성,김지찬,이성규,구자욱,피렐라,이원석,오재일,김상수,강민호,김성표,원태인
2022-08-12,롯데,렉스,황성빈,이대호,전준우,한동희,정훈,이호연,정보근,박승욱,박세웅
2022-08-12,키움,김태진,김혜성,이정후,푸이그,송성문,임지열,이주형,이지영,신준우,최원태
2022-08-12,LG,홍창기,박해민,김현수,채은성,오지환,문성주,가르시아,문보경,유강남,이민호
2022-08-12,한화,터크먼,정은원,노시환,김인환,하주석,김태연,장진혁,최재훈,노수광,라미레즈
2022-08-13,SSG,추신수,최지훈,최정,한유섬,박성한,라가레스,전의산,최주환,김민식,박종훈
2022-08-13,두산,정수빈,김인태,허경민,페르난데스,양석환,박세혁,안재석,강승호,조수행,이영하
2022-08-13,삼성,김지찬,김현준,구자욱,피렐라,오재일,이원석,강한울,강민호,김성윤,황동재
2022-08-13,KT,조용호,김민혁,알포드,박병호,장성우,황재균,배정대,신본기,심우준,엄상백
2022-08-13,롯데,신용수,정훈,한동희,전준우,이대호,김민수,황성빈,정보근,박승욱,나균안
2022-08-13,KIA,박찬호,이창진,나성범,최형우,소크라테스,김선빈,황대인,한승택,김도영,이의리
2022-08-13,키움,이용규,김혜성,이정후,푸이그,송성문,임지열,김태진,김재현,김휘집,애플러
2022-08-13,한화,터크먼,정은원,노시환,김인환,하주석,김태연,노수광,박상언,장운호,남지민
2022-08-14,SSG,추신수,최지훈,최정,한유섬,전의산,라가레스,박성한,최주환,이재원,모리만도
2022-08-14,두산,허경민,정수빈,양석환,페르난데스,강승호,김재호,김인태,안승한,김대한,곽빈
2022-08-14,LG,홍창기,박해민,김현수,채은성,오지환,문성주,가르시아,문보경,유강남,임찬규
2022-08-14,NC,박민우,손아섭,박건우,양의지,마티니,노진혁,이명기,김주원,박대온,김태경
2022-08-14,삼성,김지찬,강한울,구자욱,피렐라,오재일,이원석,김현준,강민호,김상수,백정현
2022-08-14,KT,조용호,배정대,알포드,박병호,장성우,황재균,김민혁,박경수,심우준,배제성
2022-08-14,롯데,렉스,정훈,전준우,이대호,한동희,김민수,강태율,신용수,박승욱,서준원
2022-08-14,KIA,박찬호,김도영,나성범,최형우,소크라테스,이창진,류지혁,한승택,김규성,놀린
2022-08-14,키움,이용규,김혜성,이정후,푸이그,김태진,임지열,김재현,김휘집,송성문,정찬헌
2022-08-14,한화,터크먼,정은원,노시환,김인환,하주석,장진혁,최재훈,노수광,박정현,페냐
2022-08-16,삼성,김지찬,김상수,구자욱,피렐라,오재일,이원석,강한울,김태군,김헌곤,수아레즈
2022-08-16,LG,홍창기,박해민,김현수,채은성,오지환,문성주,가르시아,문보경,유강남,플럿코
2022-08-16,키움,이용규,김혜성,이정후,푸이그,김태진,임지열,송성문,이지영,김휘집,안우진
2022-08-16,KT,조용호,배정대,알포드,박병호,황재균,김민혁,신본기,김준태,심우준,데스파이네
2022-08-17,삼성,김상수,오선진,구자욱,피렐라,이원석,강한울,이성규,김재성,김헌곤,양창섭
2022-08-17,LG,홍창기,박해민,김현수,채은성,오지환,문성주,가르시아,허도환,김민성,김윤식
2022-08-17,두산,허경민,김인태,양석환,페르난데스,강승호,안승한,김대한,전민재,정수빈,최원준
2022-08-17,롯데,렉스,정훈,전준우,이대호,안치홍,한동희,황성빈,강태율,박승욱,반즈
2022-08-17,한화,터크먼,정은원,노시환,김인환,하주석,김태연,장진혁,최재훈,장운호,김민우
2022-08-17,NC,박민우,손아섭,박건우,양의지,마티니,노진혁,권희동,오영수,김주원,이재학
2022-08-17,키움,이용규,김혜성,이정후,푸이그,김휘집,임지열,송성문,김수환,이지영,요키시
2022-08-17,KT,배정대,강백호,알포드,박병호,황재균,조용호,박경수,김준태,심우준,벤자민
2022-08-17,SSG,추신수,최지훈,최정,한유섬,전의산,라가레스,박성한,이재원,김성현,김광현
2022-08-17,KIA,박찬호,이창진,나성범,최형우,소크라테스,김선빈,황대인,박동원,김도영,파노니
2022-08-18,키움,김준완,임지열,이정후,푸이그,김혜성,김휘집,송성문,김수환,이지영,최원태
2022-08-18,두산,김인태,안재석,양석환,페르난데스,허경민,박세혁,강승호,정수빈,김대한,브랜든
2022-08-18,LG,홍창기,박해민,김현수,채은성,오지환,문성주,가르시아,유강남,김민성,이민호
2022-08-18,SSG,추신수,최지훈,최정,한유섬,전의산,라가레스,박성한,최주환,이재원,폰트
2022-08-18,KT,김민혁,강백호,알포드,박병호,황재균,김준태,배정대,신본기,권동진,배제성
2022-08-18,롯데,렉스,정훈,안치홍,이대호,한동희,고승민,박승욱,정보근,황성빈,스트레일리
2022-08-18,NC,박민우,손아섭,박건우,양의지,마티니,권희동,노진혁,김주원,이명기,루친스키
2022-08-18,KIA,박찬호,이창진,나성범,최형우,소크라테스,김선빈,황대인,한승택,류지혁,양현종
2022-08-18,삼성,김지찬,김상수,구자욱,피렐라,이원석,강한울,공민규,강민호,김헌곤,원태인
2022-08-18,한화,터크먼,정은원,노시환,김인환,하주석,김태연,장운호,최재훈,이원석,라미레즈
2022-08-19,KT,조용호,강백호,알포드,박병호,김민혁,황재균,신본기,김준태,심우준,엄상백
2022-08-19,롯데,렉스,정훈,전준우,이대호,안치홍,한동희,고승민,정보근,박승욱,박세웅
2022-08-19,NC,박민우,손아섭,박건우,양의지,마티니,권희동,노진혁,김주원,이명기,송명기
2022-08-19,KIA,박찬호,이창진,나성범,최형우,소크라테스,김선빈,황대인,박동원,류지혁,이의리
2022-08-19,삼성,김지찬,김상수,구자욱,피렐라,오재일,이원석,강한울,강민호,김성윤,최하늘
2022-08-19,한화,터크먼,노수광,노시환,김인환,하주석,장운호,정은원,박상언,장진혁,장민재
2022-08-20,두산,김인태,정수빈,양석환,페르난데스,허경민,박세혁,강승호,안권수,안재석,스탁
2022-08-20,LG,홍창기,박해민,김현수,채은성,오지환,문성주,가르시아,문보경,유강남,켈리
2022-08-20,한화,터크먼,노수광,노시환,김인환,하주석,김태연,정은원,최재훈,장운호,페냐
2022-08-20,롯데,정훈,렉스,전준우,이대호,안치홍,한동희,고승민,정보근,이학주,나균안
2022-08-20,KIA,박찬호,이창진,나성범,최형우,소크라테스,김선빈,박동원,임석진,류지혁,놀린
2022-08-20,KT,조용호,배정대,알포드,박병호,강백호,황재균,김준태,박경수,신본기,소형준
2022-08-20,SSG,추신수,최지훈,최정,한유섬,전의산,라가레스,박성한,최주환,김민식,박종훈
2022-08-20,키움,김준완,이용규,이정후,김혜성,김태진,푸이그,송성문,김재현,김휘집,정찬헌
2022-08-21,두산,김인태,강승호,허경민,페르난데스,양석환,박세혁,박계범,정수빈,김대한,곽빈
2022-08-21,LG,홍창기,박해민,김현수,채은성,오지환,문성주,가르시아,문보경,유강남,임찬규
2022-08-21,한화,터크먼,노수광,노시환,김인환,김태연,정은원,최재훈,장진혁,박정현,남지민
2022-08-21,롯데,정훈,렉스,전준우,이대호,안치홍,한동희,고승민,강태율,박승욱,서준원
2022-08-21,NC,박민우,손아섭,박건우,양의지,마티니,권희동,노진혁,김주원,오영수,구창모
2022-08-21,삼성,김상수,오선진,구자욱,피렐라,이원석,오재일,김재성,김태군,김헌곤,백정현
2022-08-21,KIA,박찬호,이창진,나성범,최형우,소크라테스,김선빈,황대인,박동원,류지혁,임기영
2022-08-21,KT,조용호,배정대,김민혁,강백호,황재균,오윤석,김준태,박경수,권동진,데스파이네
2022-08-21,SSG,추신수,최지훈,최정,한유섬,전의산,라가레스,박성한,최주환,이재원,모리만도
2022-08-21,키움,김준완,이용규,이정후,김혜성,푸이그,송성문,이지영,전병우,김휘집,안우진
2022-08-23,KT,조용호,배정대,강백호,박병호,알포드,황재균,박경수,김준태,심우준,벤자민
2022-08-23,두산,강승호,정수빈,허경민,페르난데스,양석환,박세혁,송승환,박계범,김대한,최원준
2022-08-23,삼성,김상수,강한울,구자욱,피렐라,이원석,오재일,김동엽,김재성,김헌곤,수아레즈
2022-08-23,SSG,추신수,최지훈,최정,한유섬,전의산,라가레스,박성한,최주환,이재원,김광현
2022-08-23,롯데,정훈,렉스,전준우,이대호,안치홍,한동희,고승민,정보근,박승욱,스트레일리
2022-08-23,NC,박민우,손아섭,박건우,양의지,마티니,권희동,노진혁,김주원,오영수,신민혁
2022-08-23,KIA,박찬호,이창진,김선빈,나성범,소크라테스,박동원,황대인,김호령,류지혁,파노니
2022-08-23,키움,김준완,임지열,이정후,김혜성,푸이그,송성문,김수환,이지영,김휘집,요키시
2022-08-23,LG,홍창기,박해민,김현수,채은성,오지환,문성주,가르시아,문보경,유강남,플럿코
2022-08-23,한화,터크먼,노수광,노시환,김인환,하주석,김태연,정은원,최재훈,장진혁,김민우
2022-08-24,KT,조용호,알포드,강백호,박병호,황재균,배정대,오윤석,김준태,심우준,고영표
2022-08-24,두산,김인태,안재석,허경민,양석환,페르난데스,박세혁,송승환,정수빈,강승호,브랜든
2022-08-24,삼성,김상수,강한울,이원석,피렐라,오재일,강민호,구자욱,김헌곤,김지찬,양창섭
2022-08-24,SSG,추신수,최지훈,최정,한유섬,전의산,라가레스,최주환,김민식,김성현,이태양
2022-08-24,롯데,정훈,렉스,전준우,안치홍,한동희,고승민,박승욱,강태율,황성빈,반즈
2022-08-24,NC,손아섭,박준영,박건우,양의지,마티니,노진혁,권희동,김주원,오영수,루친스키
2022-08-24,KIA,박찬호,이창진,나성범,최형우,소크라테스,김선빈,황대인,한승택,류지혁,양현종
2022-08-24,키움,김준완,임지열,이정후,푸이그,김혜성,김태진,송성문,김재현,김휘집,윤정현
2022-08-24,LG,홍창기,박해민,김현수,채은성,오지환,문성주,가르시아,문보경,유강남,이민호
2022-08-24,한화,터크먼,노수광,노시환,김인환,하주석,김태연,정은원,장운호,박상언,라미레즈
2022-08-25,KIA,박찬호,이창진,나성범,최형우,소크라테스,김선빈,황대인,한승택,류지혁,이의리
2022-08-25,LG,홍창기,박해민,김현수,채은성,오지환,가르시아,이재원,문보경,허도환,김윤식
2022-08-25,삼성,김지찬,김상수,구자욱,피렐라,오재일,이원석,김동엽,강민호,김현준,원태인
2022-08-25,롯데,정훈,렉스,전준우,이대호,안치홍,한동희,고승민,정보근,박승욱,박세웅
2022-08-25,키움,김준완,이용규,이정후,푸이그,김혜성,김태진,송성문,이지영,김휘집,애플러
2022-08-25,NC,손아섭,김주원,박건우,양의지,마티니,권희동,박준영,도태훈,박대온,송명기
2022-08-25,SSG,추신수,최지훈,최정,한유섬,전의산,라가레스,박성한,최주환,김민식,오원석
2022-08-25,KT,조용호,알포드,강백호,박병호,황재균,배정대,오윤석,김준태,심우준,엄상백
2022-08-25,두산,김인태,안재석,페르난데스,김재환,양석환,박세혁,강승호,조수행,박계범,최승용
2022-08-25,한화,터크먼,노수광,노시환,김인환,하주석,김태연,최재훈,박정현,장운호,장민재
2022-08-26,KIA,박찬호,이창진,나성범,최형우,소크라테스,김선빈,황대인,박동원,류지혁,놀린
2022-08-26,LG,홍창기,박해민,김현수,채은성,오지환,이형종,가르시아,문보경,유강남,켈리
2022-08-26,삼성,김현준,김상수,구자욱,피렐라,오재일,이원석,강한울,강민호,김지찬,최하늘
2022-08-26,롯데,정훈,렉스,전준우,이대호,안치홍,고승민,이호연,정보근,박승욱,나균안
2022-08-26,키움,김준완,이용규,이정후,푸이그,김혜성,김태진,송성문,김재현,김휘집,김선기
2022-08-26,NC,박민우,손아섭,박건우,양의지,마티니,권희동,노진혁,김주원,이명기,더모디
2022-08-26,SSG,최지훈,라가레스,전의산,최정,박성한,김강민,최주환,김성현,김민식,박종훈
2022-08-26,KT,조용호,배정대,강백호,박병호,알포드,황재균,김준태,권동진,심우준,소형준
2022-08-26,두산,김인태,강승호,페르난데스,김재환,양석환,허경민,박세혁,안재석,정수빈,스탁
2022-08-26,한화,터크먼,노수광,노시환,김인환,하주석,김태연,정은원,최재훈,장진혁,페냐
2022-08-27,키움,김준완,임지열,이정후,푸이그,김혜성,김태진,송성문,이지영,김휘집,안우진
2022-08-27,LG,박해민,문성주,김현수,채은성,오지환,홍창기,가르시아,문보경,유강남,임찬규
2022-08-27,롯데,정훈,렉스,전준우,이대호,안치홍,한동희,신용수,강태율,이학주,서준원
2022-08-27,SSG,최지훈,최주환,최정,한유섬,박성한,라가레스,전의산,김민식,김성현,모리만도
2022-08-27,한화,터크먼,박정현,노시환,김인환,하주석,정은원,장운호,박상언,장진혁,남지민
2022-08-27,삼성,김현준,김상수,구자욱,피렐라,이원석,오재일,강민호,김태군,오선진,백정현
2022-08-27,KT,조용호,배정대,강백호,알포드,황재균,박경수,오윤석,김준태,심우준,데스파이네
2022-08-27,NC,박민우,손아섭,박건우,양의지,마티니,노진혁,김주원,오영수,이명기,구창모
2022-08-27,두산,허경민,김인태,페르난데스,김재환,양석환,박세혁,안재석,강승호,정수빈,곽빈
2022-08-27,KIA,박찬호,이창진,나성범,최형우,소크라테스,김선빈,박동원,황대인,류지혁,임기영
2022-08-28,키움,김준완,김혜성,이정후,푸이그,송성문,김태진,김휘집,이지영,이용규,요키시
2022-08-28,LG,박해민,이형종,김현수,채은성,오지환,이재원,가르시아,유강남,문보경,플럿코
2022-08-28,롯데,정훈,신용수,전준우,이대호,안치홍,한동희,황성빈,정보근,박승욱,스트레일리
2022-08-28,SSG,최지훈,최주환,최정,한유섬,박성한,라가레스,전의산,김성현,이재원,김광현
2022-08-28,한화,터크먼,노수광,노시환,김인환,하주석,정은원,김태연,최재훈,장진혁,김민우
2022-08-28,삼성,김현준,김지찬,피렐라,오재일,이원석,구자욱,강민호,강한울,김상수,뷰캐넌
2022-08-28,KT,조용호,알포드,강백호,박병호,황재균,배정대,김준태,오윤석,심우준,벤자민
2022-08-28,NC,박민우,손아섭,박건우,양의지,마티니,노진혁,김주원,오영수,박대온,신민혁
2022-08-28,두산,허경민,페르난데스,양석환,김재환,강승호,김인태,안승한,박계범,김대한,최원준
2022-08-28,KIA,박찬호,고종욱,나성범,소크라테스,최형우,김선빈,황대인,박동원,류지혁,파노니
2022-08-30,롯데,정훈,렉스,전준우,이대호,안치홍,한동희,신용수,강태율,박승욱,반즈
2022-08-30,키움,김준완,박찬혁,푸이그,김혜성,김태진,김수환,김휘집,김재현,이용규,윤정현
2022-08-31,NC,박민우,손아섭,박건우,양의지,마티니,노진혁,권희동,김주원,오영수,루친스키
2022-08-31,LG,홍창기,박해민,김현수,채은성,오지환,문보경,가르시아,유강남,이형종,이민호
2022-08-31,SSG,최지훈,한유섬,최정,최주환,라가레스,박성한,전의산,김성현,이재원,폰트
2022-08-31,삼성,김현준,김지찬,피렐라,이원석,김재성,구자욱,오재일,김동엽,김상수,수아레즈
2022-08-31,두산,김인태,안재석,허경민,김재환,양석환,박세혁,홍성호,강승호,김대한,브랜든
2022-08-31,KT,조용호,알포드,강백호,박병호,장성우,황재균,배정대,오윤석,심우준,고영표
2022-08-31,롯데,정훈,렉스,전준우,이대호,안치홍,한동희,고승민,정보근,박승욱,박세웅
2022-08-31,키움,김준완,김태진,이정후,푸이그,김혜성,김휘집,송성문,이지영,김수환,애플러
2022-08-31,KIA,박찬호,고종욱,나성범,소크라테스,최형우,김선빈,황대인,류지혁,한승택,양현종
2022-08-31,한화,터크먼,노수광,노시환,김인환,하주석,정은원,김태연,박상언,장운호,라미레즈
2022-09-01,롯데,정훈,고승민,렉스,이대호,전준우,안치홍,이호연,정보근,이학주,나균안
2022-09-01,두산,허경민,김인태,페르난데스,김재환,양석환,박세혁,홍성호,강승호,안재석,스탁
2022-09-01,NC,박민우,손아섭,박건우,양의지,마티니,노진혁,권희동,김주원,이명기,송명기
2022-09-01,SSG,최지훈,한유섬,최정,최주환,라가레스,박성한,전의산,김민식,최경모,박종훈
2022-09-01,LG,홍창기,박해민,김현수,채은성,오지환,문보경,가르시아,문성주,유강남,켈리
2022-09-01,KT,조용호,알포드,강백호,박병호,장성우,황재균,배정대,오윤석,심우준,엄상백
2022-09-01,삼성,김현준,김지찬,피렐라,이원석,강민호,강한울,김태군,조민성,박승규,원태인
2022-09-01,KIA,박찬호,이창진,나성범,최형우,소크라테스,김선빈,황대인,박동원,류지혁,이의리
2022-09-01,한화,터크먼,노수광,노시환,김인환,하주석,김태연,정은원,최재훈,장진혁,장민재
2022-09-01,키움,김준완,임지열,이정후,푸이그,김혜성,김휘집,송성문,이지영,김수환,안우진
2022-09-02,롯데,황성빈,렉스,이대호,안치홍,고승민,한동희,이호연,정보근,박승욱,스트레일리
2022-09-02,두산,허경민,정수빈,페르난데스,김재환,양석환,박세혁,김인태,김재호,안재석,박신지
2022-09-02,NC,박민우,손아섭,박건우,양의지,마티니,권희동,노진혁,이명기,박준영,더모디
2022-09-02,SSG,최지훈,김성현,최정,라가레스,김강민,하재훈,박성한,이재원,오태곤,모리만도
2022-09-02,LG,홍창기,박해민,김현수,채은성,오지환,문성주,가르시아,문보경,허도환,김윤식
2022-09-02,KT,조용호,알포드,강백호,박병호,장성우,황재균,배정대,오윤석,심우준,소형준
2022-09-02,삼성,김현준,강한울,피렐라,오재일,김태군,구자욱,김상수,김지찬,조민성,최하늘
2022-09-02,KIA,박찬호,고종욱,나성범,최형우,소크라테스,김선빈,김석환,박동원,류지혁,놀린
2022-09-02,한화,터크먼,최재훈,노시환,김태연,이진영,정은원,박상언,박정현,장운호,페냐
2022-09-02,키움,이용규,김태진,이정후,푸이그,김혜성,김휘집,송성문,이지영,김수환,요키시
2022-09-03,삼성,김현준,김지찬,피렐라,김재성,구자욱,강민호,강한울,공민규,김상수,백정현
2022-09-03,두산,허경민,강승호,양석환,김재환,페르난데스,김재호,안승한,김인태,정수빈,최원준
2022-09-03,키움,김준완,김수환,이정후,푸이그,김혜성,김휘집,송성문,김재현,박찬혁,한현희
2022-09-03,SSG,최지훈,전의산,최정,최주환,라가레스,한유섬,박성한,김성현,김민식,오원석
2022-09-03,KT,조용호,배정대,황재균,박병호,강백호,알포드,박경수,김준태,심우준,데스파이네
2022-09-03,KIA,박찬호,고종욱,나성범,최형우,소크라테스,황대인,박동원,류지혁,최정용,파노니
2022-09-03,NC,박민우,손아섭,박건우,마티니,권희동,노진혁,김주원,박대온,박준영,구창모
2022-09-03,한화,터크먼,노수광,노시환,김인환,하주석,김태연,정은원,최재훈,장진혁,남지민
2022-09-04,LG,박해민,가르시아,김현수,채은성,오지환,이형종,이재원,유강남,김민성,플럿코
2022-09-04,롯데,정훈,렉스,이대호,전준우,안치홍,한동희,고승민,지시완,박승욱,반즈
2022-09-04,KT,조용호,김민혁,황재균,박병호,강백호,장성우,배정대,권동진,심우준,벤자민
2022-09-04,KIA,박찬호,이창진,나성범,소크라테스,김선빈,황대인,박동원,이우성,임석진,임기영
2022-09-04,NC,박민우,손아섭,박건우,마티니,권희동,노진혁,정진기,박대온,김주원,신민혁
2022-09-04,한화,터크먼,노수광,노시환,김인환,김태연,정은원,박상언,장진혁,이도윤,김민우
2022-09-06,SSG,추신수,최지훈,최정,최주환,라가레스,한유섬,박성한,김성현,이재원,김광현
2022-09-06,LG,박해민,홍창기,김현수,채은성,오지환,이형종,가르시아,유강남,문보경,이민호
2022-09-06,KIA,박찬호,이창진,나성범,최형우,소크라테스,김선빈,황대인,한승택,류지혁,양현종
2022-09-06,롯데,황성빈,렉스,전준우,이대호,안치홍,정훈,한동희,정보근,이학주,박세웅
2022-09-06,키움,김준완,김휘집,이정후,푸이그,송성문,김수환,김웅빈,김재현,김태진,애플러
2022-09-06,삼성,김현준,김지찬,피렐라,오재일,이원석,구자욱,강민호,김재성,김상수,뷰캐넌
2022-09-06,두산,정수빈,페르난데스,양석환,김재환,허경민,김인태,박세혁,강승호,박계범,브랜든
2022-09-06,NC,박민우,손아섭,박건우,양의지,마티니,권희동,노진혁,윤형준,김주원,루친스키
2022-09-06,한화,터크먼,장진혁,노시환,김인환,김태연,정은원,최재훈,이도윤,장운호,라미레즈
2022-09-06,KT,조용호,배정대,황재균,박병호,강백호,장성우,알포드,오윤석,심우준,고영표
2022-09-07,SSG,추신수,최지훈,최정,최주환,라가레스,한유섬,박성한,김성현,이재원,폰트
2022-09-07,LG,박해민,문성주,김현수,오지환,문보경,홍창기,가르시아,이영빈,유강남,켈리
2022-09-07,KIA,박찬호,고종욱,나성범,소크라테스,최형우,김선빈,황대인,박동원,류지혁,한승혁
2022-09-07,롯데,안치홍,렉스,이대호,전준우,고승민,한동희,김민수,박승욱,정보근,스트레일리
2022-09-07,키움,김준완,이지영,이정후,푸이그,김웅빈,김수환,송성문,신준우,김태진,주승우
2022-09-07,삼성,김현준,김지찬,피렐라,오재일,구자욱,강민호,강한울,김재성,공민규,수아레즈
2022-09-07,두산,정수빈,페르난데스,허경민,김재환,양석환,강승호,김재호,안승한,김대한,스탁
2022-09-07,NC,박민우,손아섭,박건우,양의지,마티니,권희동,노진혁,김주원,이명기,송명기
2022-09-07,한화,터크먼,김태연,노시환,김인환,하주석,이진영,정은원,최재훈,장운호,장민재
2022-09-07,KT,조용호,강백호,황재균,박병호,장성우,알포드,배정대,오윤석,심우준,엄상백
2022-09-08,한화,터크먼,노수광,노시환,김인환,하주석,김태연,정은원,최재훈,장진혁,페냐
2022-09-08,두산,정수빈,페르난데스,허경민,김재환,양석환,강승호,박세혁,김재호,김대한,곽빈
2022-09-08,KIA,박찬호,이창진,나성범,소크라테스,최형우,김선빈,황대인,박동원,류지혁,놀린
2022-09-08,SSG,추신수,오태곤,라가레스,최주환,김강민,한유섬,김성현,이재원,최경모,모리만도
2022-09-08,롯데,황성빈,렉스,이대호,전준우,고승민,안치홍,한동희,지시완,박승욱,나균안
2022-09-08,삼성,김현준,김지찬,피렐라,오재일,구자욱,김태군,강한울,강민호,김상수,원태인
2022-09-08,NC,손아섭,이명기,마티니,양의지,박건우,노진혁,김주원,박준영,박대온,더모디
2022-09-08,KT,조용호,알포드,황재균,박병호,장성우,배정대,문상철,박경수,심우준,소형준
2022-09-08,LG,박해민,이재원,김현수,채은성,오지환,이형종,가르시아,유강남,문보경,임찬규
2022-09-08,키움,김준완,임지열,이정후,푸이그,김웅빈,김휘집,송성문,이지영,김태진,요키시
2022-09-09,한화,터크먼,노수광,노시환,김태연,하주석,정은원,이진영,박상언,이도윤,남지민
2022-09-09,두산,정수빈,강승호,페르난데스,김재환,양석환,허경민,박세혁,양찬열,박계범,최원준
2022-09-09,KIA,박찬호,이창진,나성범,최형우,소크라테스,김선빈,황대인,박동원,류지혁,파노니
2022-09-09,SSG,라가레스,최지훈,김강민,최주환,한유섬,전의산,박성한,김민식,김재현,오원석
2022-09-09,롯데,황성빈,렉스,이대호,전준우,안치홍,한동희,지시완,이학주,김민수,이인복
2022-09-09,삼성,김현준,김지찬,피렐라,오재일,구자욱,강민호,김재성,오선진,김상수,백정현
2022-09-09,NC,손아섭,박민우,박건우,양의지,마티니,노진혁,이명기,김주원,오영수,구창모
2022-09-09,KT,조용호,배정대,황재균,박병호,알포드,문상철,김준태,오윤석,심우준,데스파이네
2022-09-09,LG,박해민,홍창기,김현수,채은성,오지환,문보경,가르시아,문성주,허도환,김윤식
2022-09-09,키움,박찬혁,임지열,이정후,푸이그,김웅빈,김휘집,송성문,김재현,김태진,한현희
2022-09-10,KIA,박찬호,이창진,나성범,최형우,소크라테스,김선빈,황대인,박동원,류지혁,임기영
2022-09-10,두산,정수빈,양찬열,페르난데스,김재환,양석환,박세혁,김재호,강승호,박계범,최승용
2022-09-10,NC,손아섭,박준영,박건우,양의지,마티니,노진혁,윤형준,김주원,박대온,신민혁
2022-09-10,롯데,황성빈,렉스,이대호,전준우,고승민,한동희,지시완,이학주,박승욱,반즈
2022-09-10,LG,박해민,홍창기,김현수,채은성,오지환,문보경,문성주,서건창,유강남,플럿코
2022-09-10,삼성,김상수,강한울,피렐라,오재일,구자욱,강민호,박승규,김태군,오선진,최하늘
2022-09-10,KT,조용호,강백호,황재균,박병호,알포드,장성우,배정대,오윤석,심우준,벤자민
2022-09-10,키움,김준완,임지열,이정후,푸이그,김웅빈,김휘집,송성문,김재현,김태진,정찬헌
2022-09-10,SSG,추신수,최지훈,라가레스,한유섬,최주환,전의산,박성한,이재원,김재현,박종훈
2022-09-10,한화,터크먼,노수광,노시환,김인환,김태연,하주석,정은원,최재훈,장진혁,김민우
2022-09-11,KIA,박찬호,이창진,나성범,최형우,소크라테스,김선빈,황대인,류지혁,한승택,양현종
2022-09-11,두산,정수빈,페르난데스,강승호,김재환,양석환,허경민,김재호,안승한,김대한,브랜든
2022-09-11,NC,박민우,손아섭,박건우,양의지,마티니,노진혁,이명기,김주원,오영수,루친스키
2022-09-11,롯데,황성빈,렉스,한동희,전준우,고승민,안치홍,이호연,박승욱,정보근,박세웅
2022-09-11,LG,박해민,홍창기,김현수,채은성,오지환,문보경,문성주,서건창,유강남,이민호
2022-09-11,삼성,김현준,김지찬,피렐라,김재성,구자욱,오선진,강한울,강민호,조민성,뷰캐넌
2022-09-11,KT,조용호,김민혁,황재균,강백호,장성우,알포드,배정대,신본기,심우준,고영표
2022-09-11,키움,이용규,임지열,이정후,푸이그,김태진,이지영,송성문,김수환,김휘집,애플러
2022-09-11,SSG,추신수,최지훈,최주환,한유섬,라가레스,박성한,김성현,이재원,김재현,김광현
2022-09-11,한화,터크먼,노수광,노시환,김태연,하주석,최재훈,정은원,장운호,박상언,라미레즈
2022-09-13,LG,박해민,홍창기,김현수,채은성,오지환,문보경,가르시아,문성주,유강남,켈리
2022-09-13,두산,정수빈,페르난데스,허경민,김재환,양석환,강승호,박세혁,김재호,양찬열,박신지
2022-09-13,SSG,추신수,최지훈,최주환,한유섬,라가레스,박성한,김성현,이재원,김재현,폰트
2022-09-13,롯데,황성빈,렉스,이대호,전준우,한동희,고승민,안치홍,이학주,정보근,스트레일리
2022-09-13,삼성,김현준,김지찬,피렐라,오재일,구자욱,김태군,강한울,김재성,김영웅,수아레즈
2022-09-13,NC,손아섭,이명기,박건우,양의지,마티니,노진혁,오영수,박준영,김주원,송명기
2022-09-13,키움,김준완,임지열,이정후,푸이그,송성문,김휘집,김수환,이지영,김태진,안우진
2022-09-13,KIA,박찬호,고종욱,나성범,소크라테스,최형우,김선빈,박동원,황대인,류지혁,이의리
2022-09-13,KT,조용호,배정대,황재균,강백호,장성우,김민혁,박경수,오윤석,심우준,엄상백
2022-09-13,한화,노수광,정은원,노시환,터크먼,김태연,하주석,최재훈,이성곤,유로결,장민재
2022-09-14,LG,박해민,홍창기,김현수,채은성,오지환,문보경,유강남,가르시아,서건창,임찬규
2022-09-14,두산,정수빈,페르난데스,허경민,양석환,강승호,박세혁,김재호,양찬열,조수행,곽빈
2022-09-14,SSG,최지훈,전의산,최주환,한유섬,라가레스,박성한,김성현,김민식,김재현,모리만도
2022-09-14,롯데,황성빈,신용수,이대호,전준우,한동희,안치홍,지시완,김민수,이학주,나균안
2022-09-14,삼성,김현준,오선진,피렐라,이원석,구자욱,오재일,김상수,강민호,이재현,원태인
2022-09-14,NC,손아섭,이명기,박건우,양의지,마티니,노진혁,오영수,박준영,김주원,더모디
2022-09-14,키움,김준완,임지열,이정후,푸이그,김태진,김웅빈,송성문,이지영,김휘집,요키시
2022-09-14,KIA,박찬호,이창진,나성범,소크라테스,박동원,김선빈,이우성,류지혁,김도영,놀린
2022-09-14,KT,조용호,김민혁,황재균,강백호,배정대,김준태,박경수,김병희,신본기,데스파이네
2022-09-14,한화,노수광,정은원,노시환,터크먼,김인환,하주석,최재훈,이성곤,유상빈,페냐
2022-09-15,KT,조용호,김민혁,황재균,강백호,장성우,배정대,박경수,오윤석,심우준,소형준
2022-09-15,LG,박해민,홍창기,김현수,채은성,오지환,문보경,이형종,서건창,허도환,김윤식
2022-09-15,키움,예진원,임지열,이정후,푸이그,김태진,김웅빈,송성문,김재현,김휘집,한현희
2022-09-15,롯데,황성빈,렉스,이대호,전준우,고승민,한동희,이호연,지시완,박승욱,이인복
2022-09-15,두산,정수빈,강승호,허경민,김재환,양석환,김민혁,김재호,장승현,김대한,최원준
2022-09-15,삼성,김현준,김지찬,피렐라,김재성,구자욱,강민호,오재일,강한울,김영웅,백정현
2022-09-15,SSG,최지훈,전의산,라가레스,한유섬,김강민,박성한,김성현,김민식,김재현,오원석
2022-09-15,NC,손아섭,박준영,박건우,양의지,마티니,노진혁,윤형준,오영수,김주원,구창모
2022-09-15,한화,정은원,최재훈,노시환,터크먼,김태연,하주석,허관회,장운호,유로결,남지민
2022-09-15,KIA,박찬호,이창진,나성범,소크라테스,최형우,김선빈,박동원,류지혁,김도영,파노니
2022-09-16,키움,김준완,임지열,이정후,푸이그,김태진,김휘집,송성문,김수환,이지영,정찬헌
2022-09-16,롯데,황성빈,렉스,이대호,전준우,한동희,안치홍,김민수,정보근,박승욱,반즈
2022-09-16,두산,정수빈,강승호,허경민,김재환,양석환,김민혁,김재호,김대한,박세혁,최승용
2022-09-16,삼성,김상수,강한울,피렐라,이원석,구자욱,강민호,오재일,이재현,박승규,허윤동
2022-09-16,SSG,추신수,최지훈,최주환,최정,한유섬,라가레스,박성한,김성현,이재원,박종훈
2022-09-16,NC,손아섭,마티니,박건우,양의지,노진혁,오영수,김주원,박준영,박대온,신민혁
2022-09-16,한화,정은원,노수광,노시환,터크먼,김태연,하주석,유로결,허인서,유상빈,김민우
2022-09-16,KIA,박찬호,이창진,나성범,소크라테스,최형우,김선빈,류지혁,한승택,김도영,양현종
2022-09-17,한화,노수광,최재훈,노시환,터크먼,김태연,하주석,김인환,이성곤,유로결,김기중
2022-09-17,LG,박해민,홍창기,김현수,채은성,오지환,문보경,이형종,가르시아,허도환,이민호
2022-09-17,두산,정수빈,강승호,허경민,김재환,양석환,김민혁,김대한,장승현,전민재,브랜든
2022-09-17,SSG,추신수,최지훈,라가레스,최정,김강민,최주환,박성한,김성현,이재원,김광현
2022-09-17,KIA,박찬호,고종욱,나성범,소크라테스,최형우,김선빈,류지혁,박동원,김도영,임기영
2022-09-17,삼성,김상수,강한울,피렐라,오재일,구자욱,강민호,이원석,김현준,오선진,뷰캐넌
2022-09-17,롯데,황성빈,렉스,이대호,전준우,안치홍,고승민,김민수,지시완,박승욱,박세웅
2022-09-17,KT,조용호,김민혁,황재균,강백호,장성우,배정대,문상철,박경수,심우준,고영표
2022-09-17,NC,손아섭,이명기,박건우,양의지,마티니,노진혁,오영수,박준영,김주원,루친스키
2022-09-17,키움,김준완,임지열,이정후,푸이그,김태진,김수환,송성문,김휘집,이지영,애플러
2022-09-18,한화,이성곤,노시환,하주석,터크먼,김태연,김인환,허관회,유상빈,장운호,장민재
2022-09-18,LG,박해민,홍창기,김현수,채은성,오지환,문보경,이형종,가르시아,유강남,켈리
2022-09-18,두산,정수빈,강승호,허경민,김재환,양석환,김민혁,김인태,장승현,전민재,스탁
2022-09-18,SSG,추신수,최지훈,최주환,최정,한유섬,라가레스,박성한,김민식,김성현,폰트
2022-09-18,KIA,류지혁,고종욱,나성범,소크라테스,최형우,김선빈,박동원,김석환,김도영,이의리
2022-09-18,삼성,김상수,강한울,피렐라,오재일,구자욱,이원석,오선진,김태군,박승규,수아레즈
2022-09-18,롯데,황성빈,렉스,이대호,전준우,고승민,한동희,안치홍,지시완,박승욱,스트레일리
2022-09-18,KT,조용호,강백호,알포드,장성우,김민혁,배정대,황재균,권동진,심우준,엄상백
2022-09-18,NC,손아섭,이명기,마티니,양의지,노진혁,오영수,김주원,서호철,정진기,김태경
2022-09-18,키움,김준완,임지열,이정후,푸이그,김태진,김수환,송성문,김휘집,이지영,안우진
2022-09-20,NC,손아섭,이명기,박건우,양의지,마티니,노진혁,오영수,김주원,서호철,더모디
2022-09-20,두산,정수빈,강승호,허경민,김재환,양석환,김민혁,김재호,박세혁,김대한,곽빈
2022-09-20,KT,조용호,배정대,알포드,장성우,강백호,황재균,박경수,김준태,심우준,데스파이네
2022-09-20,SSG,라가레스,최지훈,최주환,최정,한유섬,김강민,박성한,김민식,안상현,모리만도
2022-09-20,LG,홍창기,박해민,김현수,채은성,오지환,문보경,이형종,유강남,서건창,플럿코
2022-09-20,KIA,박찬호,이창진,나성범,소크라테스,최형우,김선빈,박동원,류지혁,김도영,놀린
2022-09-20,삼성,김상수,강한울,피렐라,오재일,구자욱,이원석,오선진,강민호,김현준,원태인
2022-09-20,키움,김웅빈,임지열,이정후,푸이그,김태진,김수환,송성문,이지영,김휘집,요키시
2022-09-20,롯데,황성빈,렉스,이대호,전준우,한동희,정훈,안치홍,지시완,박승욱,나균안
2022-09-20,한화,정은원,이성곤,노시환,터크먼,하주석,김인환,최재훈,유상빈,장운호,페냐
2022-09-21,NC,손아섭,마티니,박건우,양의지,노진혁,오영수,김주원,서호철,박대온,송명기
2022-09-21,두산,정수빈,김인태,허경민,김재환,양석환,김민혁,강승호,김재호,장승현,최원준
2022-09-21,KT,조용호,강백호,알포드,장성우,문상철,배정대,황재균,오윤석,심우준,벤자민
2022-09-21,SSG,라가레스,최지훈,김강민,최정,하재훈,오태곤,김성현,이재원,안상현,오원석
2022-09-21,LG,홍창기,박해민,김현수,채은성,오지환,문보경,이형종,서건창,허도환,김윤식
2022-09-21,KIA,박찬호,김도영,나성범,소크라테스,최형우,김선빈,박동원,이우성,류지혁,파노니
2022-09-21,삼성,김상수,강한울,피렐라,오재일,구자욱,이원석,김지찬,강민호,김현준,백정현
2022-09-21,키움,김준완,임지열,이정후,푸이그,김태진,이주형,송성문,김재현,김휘집,한현희
2022-09-21,롯데,황성빈,렉스,이대호,한동희,고승민,안치홍,정훈,지시완,박승욱,이인복
2022-09-21,한화,정은원,이성곤,노시환,터크먼,하주석,김인환,최재훈,유상빈,노수광,문동주
2022-09-22,롯데,황성빈,렉스,이대호,전준우,안치홍,지시완,이호연,김민수,박승욱,반즈
2022-09-22,LG,박해민,이재원,김현수,채은성,오지환,문보경,이형종,유강남,이상호,임찬규
2022-09-22,한화,정은원,김태연,노시환,터크먼,하주석,김인환,유상빈,장운호,허인서,김민우
2022-09-22,SSG,라가레스,최지훈,최정,한유섬,최주환,김강민,박성한,이재원,김성현,박종훈
2022-09-22,KT,조용호,강백호,알포드,장성우,김민혁,황재균,배정대,박경수,심우준,소형준
2022-09-22,삼성,김상수,강한울,피렐라,오재일,구자욱,이원석,김현준,이병헌,이재현,황동재
2022-09-22,KIA,박찬호,이창진,김선빈,나성범,소크라테스,박동원,김도영,류지혁,김규성,양현종
2022-09-22,NC,박민우,손아섭,박건우,양의지,마티니,노진혁,윤형준,서호철,권희동,구창모
2022-09-22,두산,정수빈,김인태,김민혁,김재환,양석환,강승호,김재호,장승현,이유찬,최승용
2022-09-22,키움,김준완,임지열,이정후,푸이그,김태진,이주형,송성문,김재현,김휘집,정찬헌
2022-09-23,롯데,황성빈,렉스,이대호,전준우,고승민,안치홍,김민수,정보근,박승욱,스트레일리
2022-09-23,LG,박해민,홍창기,김현수,채은성,오지환,문보경,문성주,서건창,허도환,이민호
2022-09-23,한화,김태연,최재훈,노시환,터크먼,하주석,장운호,허관회,유로결,이도윤,김기중
2022-09-23,SSG,라가레스,최지훈,김강민,최정,한유섬,오태곤,박성한,이재원,안상현,김광현
2022-09-23,KT,배정대,강백호,알포드,장성우,김민혁,황재균,오윤석,홍현빈,심우준,고영표
2022-09-23,삼성,김현준,김지찬,피렐라,오재일,구자욱,강민호,김태군,오선진,김상수,뷰캐넌
2022-09-23,KIA,박찬호,류지혁,김선빈,나성범,소크라테스,최형우,박동원,김도영,김규성,임기영
2022-09-23,NC,박민우,손아섭,박건우,양의지,마티니,노진혁,이명기,윤형준,김주원,루친스키
2022-09-23,두산,정수빈,김인태,페르난데스,김재환,양석환,강승호,박세혁,이유찬,전민재,브랜든
2022-09-23,키움,김준완,임지열,이정후,푸이그,김태진,이지영,이주형,신준우,송성문,애플러
2022-09-24,한화,이성곤,노시환,김인환,터크먼,김태연,하주석,장운호,최재훈,유상빈,장민재
2022-09-24,LG,박해민,홍창기,김현수,채은성,오지환,문보경,문성주,유강남,서건창,켈리
2022-09-24,롯데,황성빈,렉스,이대호,전준우,고승민,한동희,김민수,지시완,한태양,박세웅
2022-09-24,키움,김준완,임지열,이정후,푸이그,김혜성,김태진,이지영,신준우,송성문,안우진
2022-09-24,두산,정수빈,강승호,양석환,김재환,김민혁,김인태,박세혁,이유찬,전민재,박신지
2022-09-24,SSG,라가레스,최지훈,최주환,최정,한유섬,박성한,전의산,김민식,최준우,이태양
2022-09-24,KIA,류지혁,이창진,나성범,소크라테스,김선빈,고종욱,황대인,박동원,박찬호,이의리
2022-09-24,NC,박민우,권희동,박건우,양의지,마티니,손아섭,노진혁,윤형준,김주원,김태경
2022-09-25,한화,정은원,노수광,노시환,터크먼,김인환,하주석,최재훈,유상빈,이도윤,한승주
2022-09-25,두산,정수빈,강승호,허경민,김재환,양석환,김민혁,이유찬,김대한,장승현,곽빈
2022-09-25,LG,박해민,홍창기,김현수,채은성,오지환,문보경,이재원,유강남,이상호,플럿코
2022-09-25,SSG,라가레스,최지훈,최주환,최정,한유섬,박성한,전의산,김민식,최준우,모리만도
2022-09-25,KIA,류지혁,이창진,나성범,소크라테스,김선빈,고종욱,황대인,박동원,박찬호,놀린
2022-09-25,삼성,김현준,김지찬,피렐라,오재일,강민호,구자욱,이원석,오선진,이재현,수아레즈
2022-09-25,KT,조용호,배정대,알포드,장성우,강백호,황재균,김민혁,박경수,심우준,엄상백
2022-09-25,NC,박민우,손아섭,박건우,양의지,마티니,노진혁,오영수,박대온,김주원,더모디
2022-09-27,두산,정수빈,강승호,허경민,김재환,양석환,김민혁,이유찬,김대한,장승현,최원준
2022-09-27,KT,조용호,배정대,강백호,알포드,문상철,황재균,김준태,오윤석,심우준,벤자민
2022-09-27,LG,박해민,문보경,김현수,채은성,오지환,홍창기,이재원,서건창,허도환,김윤식
2022-09-27,한화,정은원,하주석,노시환,터크먼,김인환,김태연,유상빈,박상언,장진혁,문동주
2022-09-27,키움,김준완,김태진,이정후,푸이그,김혜성,이용규,이지영,신준우,송성문,요키시
2022-09-27,NC,박민우,손아섭,박건우,마티니,노진혁,권희동,오영수,박대온,김주원,신민혁
2022-09-28,두산,정수빈,강승호,허경민,김재환,양석환,김민혁,양찬열,이유찬,장승현,최승용
2022-09-28,KT,조용호,배정대,강백호,알포드,문상철,황재균,김준태,오윤석,심우준,소형준
2022-09-28,LG,박해민,문보경,김현수,채은성,오지환,홍창기,문성주,유강남,서건창,임찬규
2022-09-28,한화,정은원,이성곤,노시환,터크먼,김태연,하주석,유상빈,최재훈,장진혁,김민우
2022-09-28,삼성,김현준,구자욱,피렐라,이원석,오재일,강민호,강한울,오선진,김상수,원태인
2022-09-28,NC,박민우,손아섭,박건우,마티니,노진혁,이명기,오영수,김주원,박대온,구창모
2022-09-29,KT,조용호,배정대,황재균,알포드,문상철,김준태,김민혁,오윤석,심우준,데스파이네
2022-09-29,LG,홍창기,박해민,김현수,채은성,오지환,문보경,문성주,서건창,허도환,이민호
2022-09-29,키움,김준완,임지열,이정후,푸이그,김혜성,김휘집,김태진,김재현,송성문,한현희
2022-09-29,SSG,라가레스,최지훈,최주환,최정,한유섬,박성한,전의산,이재원,최준우,김광현
2022-09-29,두산,정수빈,강승호,양석환,김재환,허경민,김민혁,이유찬,김대한,장승현,브랜든
2022-09-29,한화,정은원,장운호,노시환,터크먼,김태연,하주석,박상언,허관회,유로결,김기중
2022-09-29,NC,손아섭,박민우,박건우,마티니,양의지,노진혁,오영수,김주원,정진기,루친스키
2022-09-29,삼성,김지찬,구자욱,피렐라,강한울,강민호,오재일,이원석,김현준,이재현,뷰캐넌
2022-09-29,롯데,황성빈,렉스,이대호,전준우,정훈,안치홍,김민수,정보근,박승욱,스트레일리
2022-09-29,KIA,류지혁,이창진,나성범,소크라테스,최형우,김선빈,박찬호,박동원,김도영,파노니
2022-09-30,NC,박민우,이명기,박건우,양의지,손아섭,노진혁,오영수,김주원,정진기,송명기
2022-09-30,LG,홍창기,박해민,김현수,채은성,오지환,문보경,문성주,서건창,유강남,켈리
2022-09-30,키움,이용규,김준완,이정후,푸이그,김혜성,김태진,이지영,김휘집,송성문,안우진
2022-09-30,SSG,라가레스,최지훈,최주환,최정,한유섬,박성한,김강민,김성현,이재원,폰트
2022-09-30,롯데,고승민,렉스,이대호,전준우,안치홍,이호연,김민수,지시완,박승욱,이인복
2022-09-30,한화,정은원,유상빈,노시환,터크먼,김태연,김인환,하주석,박상언,장진혁,장민재
2022-09-30,두산,정수빈,강승호,양석환,김재환,허경민,김민혁,김재호,장승현,김대한,스탁
2022-09-30,삼성,김지찬,구자욱,피렐라,강한울,오재일,이원석,김현준,강민호,이재현,백정현
2022-10-01,NC,박민우,이명기,손아섭,박건우,노진혁,오영수,정진기,박대온,서호철,더모디
2022-10-01,LG,홍창기,박해민,김현수,채은성,오지환,문보경,이재원,김민성,유강남,배재준
2022-10-01,두산,정수빈,강승호,페르난데스,김재환,양석환,김민혁,박세혁,김인태,전민재,곽빈
2022-10-01,삼성,김상수,구자욱,피렐라,강한울,오재일,이원석,김현준,강민호,이재현,수아레즈
2022-10-01,SSG,오태곤,최지훈,최정,한유섬,김강민,박성한,최주환,김성현,김민식,모리만도
2022-10-01,KIA,류지혁,박찬호,나성범,소크라테스,김선빈,황대인,박동원,이창진,이우성,양현종
2022-10-02,NC,박민우,서호철,손아섭,박건우,노진혁,오영수,김주원,정진기,박대온,김태경
2022-10-02,LG,홍창기,박해민,김현수,문보경,문성주,유강남,이영빈,김민성,서건창,김영준
2022-10-02,KIA,류지혁,고종욱,나성범,소크라테스,최형우,김선빈,황대인,박동원,박찬호,놀린
2022-10-02,한화,정은원,유상빈,노시환,터크먼,김인환,박상언,장진혁,허관회,이도윤,박준영
2022-10-02,두산,정수빈,김인태,허경민,페르난데스,양석환,강승호,박세혁,양찬열,전민재,최원준
2022-10-02,롯데,고승민,렉스,이대호,전준우,안치홍,정훈,김민수,지시완,박승욱,박세웅
2022-10-03,SSG,오태곤,최지훈,최주환,최정,한유섬,김강민,박성한,김성현,이재원,박종훈
2022-10-03,한화,정은원,김태연,노시환,터크먼,김인환,최재훈,장진혁,장운호,박정현,문동주
2022-10-03,두산,정수빈,강승호,페르난데스,김재환,양석환,허경민,양찬열,장승현,전민재,최승용
2022-10-03,롯데,황성빈,전준우,이대호,렉스,한동희,고승민,김민수,정보근,박승욱,나균안
2022-10-04,삼성,김상수,구자욱,피렐라,강민호,오재일,이원석,김현준,이재현,김지찬,원태인
2022-10-04,KT,조용호,배정대,강백호,알포드,장성우,황재균,김민혁,오윤석,심우준,벤자민
2022-10-04,KIA,류지혁,고종욱,나성범,소크라테스,최형우,김선빈,황대인,박동원,박찬호,이의리
2022-10-04,LG,홍창기,박해민,김현수,채은성,오지환,가르시아,이재원,유강남,김민성,임찬규
2022-10-05,SSG,오태곤,최지훈,김강민,최정,하재훈,박성한,조형우,이재원,김성현,김광현
2022-10-05,두산,정수빈,페르난데스,허경민,김재환,양석환,강승호,장승현,김인태,이유찬,브랜든
2022-10-05,삼성,김현준,구자욱,피렐라,오재일,강민호,이원석,김지찬,이재현,김영웅,뷰캐넌
2022-10-05,KT,조용호,배정대,강백호,알포드,장성우,황재균,오윤석,박경수,심우준,고영표
2022-10-05,LG,박해민,이상호,김현수,문보경,가르시아,김민성,서건창,한석현,허도환,김윤식
2022-10-05,KIA,류지혁,박찬호,나성범,소크라테스,최형우,김선빈,황대인,박동원,이우성,파노니
2022-10-05,롯데,신용수,렉스,한동희,이대호,고승민,김민수,이호연,지시완,박승욱,서준원
2022-10-05,NC,박민우,손아섭,박건우,양의지,마티니,노진혁,이명기,오영수,김주원,구창모
2022-10-06,삼성,김현준,구자욱,피렐라,강한울,오재일,이원석,강민호,김지찬,이재현,백정현
2022-10-06,두산,정수빈,강승호,허경민,김재환,김민혁,양석환,장승현,김대한,전민재,스탁
2022-10-06,키움,김준완,푸이그,이정후,김혜성,임지열,김태진,송성문,김휘집,이지영,요키시
2022-10-06,한화,정은원,장운호,노시환,터크먼,김태연,최재훈,하주석,박정현,유로결,김민우
2022-10-06,LG,홍창기,박해민,서건창,채은성,오지환,김민성,이재원,김기연,이상호,이지강
2022-10-06,KIA,류지혁,이창진,나성범,소크라테스,최형우,김선빈,황대인,박동원,박찬호,임기영
2022-10-06,SSG,박성한,이정범,최준우,최주환,전의산,오태곤,하재훈,김민식,최경모,최민준
2022-10-06,NC,박민우,손아섭,박건우,마티니,양의지,노진혁,이명기,오영수,김주원,루친스키
2022-10-07,삼성,김현준,구자욱,피렐라,강한울,이원석,조민성,김지찬,이병헌,이재현,김윤수
2022-10-07,두산,정수빈,강승호,허경민,김재환,김민혁,양석환,박세혁,양찬열,전민재,곽빈
2022-10-07,KT,조용호,배정대,알포드,장성우,황재균,강백호,오윤석,김민혁,심우준,소형준
2022-10-07,KIA,류지혁,이창진,나성범,소크라테스,최형우,김선빈,황대인,박동원,박찬호,놀린
2022-10-07,LG,박해민,서건창,김현수,채은성,오지환,김민성,이재원,유강남,이상호,강효종
2022-10-07,NC,박민우,손아섭,박건우,마티니,양의지,노진혁,이명기,오영수,김주원,더모디
2022-10-08,키움,김준완,이용규,이정후,푸이그,김혜성,이지영,김태진,신준우,송성문,안우진
2022-10-08,두산,정수빈,강승호,페르난데스,김재환,허경민,양석환,박세혁,양찬열,전민재,최원준
2022-10-08,SSG,박성한,안상현,최주환,전의산,이정범,하재훈,석정우,조형우,최상민,박종훈
2022-10-08,삼성,김현준,구자욱,피렐라,이원석,오재일,강민호,강한울,김지찬,김상수,수아레즈
2022-10-08,KT,조용호,배정대,강백호,알포드,장성우,황재균,김민혁,오윤석,심우준,엄상백
2022-10-08,KIA,김도영,김호령,나성범,황대인,박동원,김석환,임석진,신범수,김규성,한승혁
2022-10-08,LG,홍창기,박해민,김현수,문보경,오지환,이재원,송찬의,서건창,허도환,김영준
2022-10-08,롯데,황성빈,렉스,전준우,이대호,고승민,한동희,안치홍,정보근,박승욱,스트레일리
2022-10-08,한화,정은원,유상빈,노시환,터크먼,김태연,최재훈,하주석,박정현,장진혁,박준영
2022-10-08,NC,박민우,정진기,손아섭,양의지,노진혁,오영수,천재환,도태훈,박대온,이재학
2022-10-10,NC,천재환,최승민,손아섭,양의지,노진혁,윤형준,김주원,서호철,박대온,김태경
2022-10-10,KT,조용호,배정대,강백호,알포드,장성우,황재균,김민혁,오윤석,심우준,벤자민
2022-10-11,KT,조용호,배정대,강백호,알포드,장성우,황재균,김준태,박경수,심우준,고영표
2022-10-11,LG,홍창기,박해민,김현수,채은성,오지환,문보경,이재원,유강남,김민성,임찬규
