순위,이름,팀,WAR,G,타석,타수,득점,안타,2타,3타,홈런,루타,타점,도루,도실,볼넷,사구,고4,삼진,병살,희타,희비,타율,출루,장타,OPS,wOBA,wRC+,WAR*,WPA
1,로하스,20KRF, 7.76 , 142 , 628 , 550 , 116 , 192 , 39 , 1 , 47 , 374 , 135 , 0 , 1 , 65 , 5 , 5 , 132 , 11 , 0 , 8 , .349 , .417 , .680 , 1.097 , .467 , 180.5 , 7.76 , 7.29 
2,김하성,20키SS, 6.83 , 138 , 622 , 533 , 111 , 163 , 24 , 1 , 30 , 279 , 109 , 23 , 2 , 75 , 8 , 3 , 68 , 12 , 3 , 3 , .306 , .397 , .523 , .921 , .407 , 147.0 , 6.83 , 4.22 
3,양의지,20NC, 6.00 , 130 , 528 , 461 , 86 , 151 , 26 , 1 , 33 , 278 , 124 , 5 , 2 , 46 , 14 , 7 , 47 , 11 , 1 , 6 , .328 , .400 , .603 , 1.003 , .432 , 154.3 , 6.00 , 3.68 
4,최형우,20KDH, 5.75 , 140 , 600 , 522 , 93 , 185 , 37 , 1 , 28 , 308 , 115 , 0 , 0 , 70 , 5 , 5 , 101 , 9 , 0 , 3 , .354 , .433 , .590 , 1.023 , .450 , 169.3 , 5.75 , 7.20 
5,터커,20KRF, 5.74 , 142 , 631 , 542 , 100 , 166 , 40 , 0 , 32 , 302 , 113 , 0 , 2 , 76 , 9 , 3 , 67 , 12 , 0 , 4 , .306 , .398 , .557 , .955 , .420 , 149.6 , 5.74 , 2.40 
6,이정후,20키RF, 5.56 , 140 , 617 , 544 , 85 , 181 , 49 , 5 , 15 , 285 , 101 , 12 , 2 , 59 , 4 , 6 , 47 , 16 , 2 , 8 , .333 , .397 , .524 , .921 , .406 , 142.8 , 5.56 , 3.81 
7,김현수,20LLF, 5.31 , 142 , 619 , 547 , 98 , 181 , 35 , 2 , 22 , 286 , 119 , 0 , 2 , 63 , 2 , 7 , 53 , 9 , 0 , 7 , .331 , .397 , .523 , .920 , .407 , 148.4 , 5.31 , 5.17 
8,나성범,20NDH, 5.18 , 130 , 584 , 525 , 115 , 170 , 37 , 2 , 34 , 313 , 112 , 3 , 1 , 49 , 9 , 2 , 148 , 6 , 0 , 1 , .324 , .390 , .596 , .987 , .430 , 153.5 , 5.18 , 4.30 
9,황재균,20K3B, 5.13 , 134 , 600 , 541 , 108 , 169 , 35 , 5 , 21 , 277 , 97 , 11 , 6 , 47 , 5 , 0 , 98 , 12 , 3 , 4 , .312 , .370 , .512 , .882 , .391 , 129.6 , 5.13 , 3.52 
10,손아섭,20롯RF, 4.93 , 141 , 611 , 540 , 98 , 190 , 43 , 0 , 11 , 266 , 85 , 5 , 0 , 61 , 2 , 4 , 56 , 9 , 1 , 7 , .352 , .415 , .493 , .907 , .409 , 140.2 , 4.93 , 4.57 
11,최정,20S3B, 4.92 , 133 , 553 , 452 , 90 , 122 , 22 , 0 , 33 , 243 , 96 , 8 , 3 , 75 , 20 , 1 , 98 , 7 , 0 , 6 , .270 , .392 , .538 , .930 , .409 , 138.8 , 4.92 , 4.52 
12,강백호,20K1B, 4.74 , 129 , 574 , 500 , 95 , 165 , 36 , 1 , 23 , 272 , 89 , 7 , 2 , 66 , 5 , 9 , 93 , 7 , 0 , 3 , .330 , .411 , .544 , .955 , .421 , 149.2 , 4.74 , 3.13 
13,김재환,20두LF, 4.70 , 140 , 613 , 515 , 82 , 137 , 26 , 1 , 30 , 255 , 113 , 6 , 0 , 91 , 1 , 3 , 154 , 14 , 0 , 6 , .266 , .374 , .495 , .869 , .385 , 135.2 , 4.70 , 2.33 
14,박민우,20N2B, 4.47 , 126 , 530 , 467 , 82 , 161 , 27 , 5 , 8 , 222 , 63 , 13 , 6 , 36 , 15 , 2 , 48 , 12 , 2 , 10 , .345 , .402 , .475 , .877 , .396 , 132.6 , 4.47 , 1.46 
15,알테어,20NCF, 4.43 , 136 , 546 , 482 , 90 , 134 , 20 , 7 , 31 , 261 , 108 , 22 , 3 , 46 , 12 , 3 , 149 , 10 , 0 , 6 , .278 , .352 , .541 , .893 , .387 , 124.7 , 4.43 , 2.78 
16,오지환,20LSS, 4.41 , 141 , 591 , 527 , 95 , 158 , 41 , 7 , 10 , 243 , 71 , 20 , 8 , 45 , 9 , 1 , 116 , 4 , 5 , 5 , .300 , .362 , .461 , .823 , .368 , 119.9 , 4.41 , 1.21 
17,페르난데스,20두DH, 4.40 , 144 , 668 , 586 , 104 , 199 , 29 , 0 , 21 , 291 , 105 , 0 , 1 , 58 , 13 , 1 , 42 , 26 , 0 , 11 , .340 , .404 , .497 , .901 , .406 , 146.5 , 4.40 , 4.31 
18,로맥,20S1B, 4.38 , 139 , 586 , 485 , 85 , 137 , 32 , 0 , 32 , 265 , 91 , 4 , 2 , 91 , 6 , 5 , 116 , 5 , 0 , 4 , .282 , .399 , .546 , .946 , .414 , 142.7 , 4.38 , 4.31 
19,라모스,20L1B, 4.35 , 117 , 494 , 431 , 74 , 120 , 17 , 2 , 38 , 255 , 86 , 2 , 0 , 55 , 4 , 5 , 136 , 7 , 0 , 4 , .278 , .362 , .592 , .954 , .407 , 153.6 , 4.35 , 2.45 
20,박석민,20N3B, 4.06 , 123 , 448 , 356 , 58 , 109 , 15 , 0 , 14 , 166 , 63 , 0 , 1 , 75 , 10 , 2 , 62 , 11 , 2 , 4 , .306 , .436 , .466 , .902 , .411 , 142.6 , 4.06 , 2.64 
21,최주환,20두2B, 4.00 , 140 , 573 , 508 , 63 , 155 , 29 , 4 , 16 , 240 , 86 , 2 , 2 , 48 , 6 , 5 , 66 , 7 , 1 , 10 , .305 , .365 , .472 , .838 , .372 , 123.6 , 4.00 , 1.70 
22,홍창기,20LCF, 3.91 , 135 , 507 , 408 , 87 , 114 , 29 , 6 , 5 , 170 , 39 , 11 , 5 , 83 , 10 , 1 , 87 , 8 , 3 , 3 , .279 , .411 , .417 , .827 , .384 , 129.5 , 3.91 , 2.81 
23,박건우,20두RF, 3.78 , 129 , 551 , 487 , 103 , 148 , 40 , 0 , 14 , 230 , 70 , 8 , 2 , 42 , 12 , 2 , 65 , 9 , 3 , 7 , .304 , .369 , .472 , .841 , .375 , 126.5 , 3.78 , 1.67 
24,오재일,20두1B, 3.57 , 127 , 534 , 471 , 62 , 147 , 32 , 0 , 16 , 227 , 89 , 2 , 1 , 61 , 0 , 1 , 92 , 12 , 0 , 2 , .312 , .390 , .482 , .872 , .394 , 138.8 , 3.57 , 1.35 
25,허경민,20두3B, 3.55 , 117 , 487 , 437 , 70 , 145 , 25 , 1 , 7 , 193 , 58 , 14 , 6 , 35 , 5 , 2 , 28 , 10 , 3 , 7 , .332 , .382 , .442 , .824 , .373 , 122.7 , 3.55 , 1.58 
26,배정대,20KCF, 3.55 , 144 , 615 , 533 , 88 , 154 , 25 , 3 , 13 , 224 , 65 , 22 , 13 , 68 , 5 , 0 , 142 , 9 , 5 , 4 , .289 , .372 , .420 , .792 , .362 , 110.3 , 3.55 , 0.95 
27,구자욱,20삼LF, 3.38 , 118 , 510 , 446 , 70 , 137 , 27 , 2 , 15 , 213 , 78 , 19 , 5 , 51 , 8 , 3 , 91 , 4 , 1 , 4 , .307 , .385 , .478 , .863 , .387 , 126.6 , 3.38 , 4.53 
28,노진혁,20NSS, 3.31 , 132 , 484 , 427 , 70 , 117 , 22 , 3 , 20 , 205 , 82 , 0 , 4 , 49 , 5 , 3 , 106 , 8 , 3 , 0 , .274 , .356 , .480 , .836 , .370 , 114.4 , 3.31 , 1.41 
29,김상수,20삼2B, 3.26 , 120 , 471 , 404 , 71 , 123 , 18 , 3 , 5 , 162 , 47 , 10 , 3 , 55 , 8 , 1 , 55 , 16 , 2 , 2 , .304 , .397 , .401 , .798 , .372 , 118.5 , 3.26 , 0.76 
30,마차도,20롯SS, 3.25 , 144 , 560 , 486 , 79 , 136 , 31 , 1 , 12 , 205 , 67 , 15 , 1 , 54 , 8 , 2 , 60 , 20 , 4 , 8 , .280 , .356 , .422 , .778 , .351 , 102.5 , 3.25 , 1.71 
31,나지완,20KLF, 3.12 , 137 , 556 , 468 , 73 , 136 , 19 , 1 , 17 , 208 , 92 , 0 , 0 , 64 , 18 , 1 , 114 , 6 , 0 , 6 , .291 , .392 , .444 , .837 , .383 , 124.8 , 3.12 , 4.11 
32,전준우,20롯LF, 3.06 , 143 , 628 , 562 , 95 , 157 , 34 , 1 , 26 , 271 , 96 , 5 , 5 , 52 , 8 , 0 , 79 , 21 , 3 , 3 , .279 , .347 , .482 , .829 , .368 , 113.3 , 3.06 , 1.75 
33,강민호,20삼C, 3.02 , 119 , 393 , 355 , 46 , 102 , 14 , 0 , 19 , 173 , 61 , 0 , 0 , 31 , 4 , 2 , 54 , 17 , 0 , 3 , .287 , .349 , .487 , .836 , .370 , 113.2 , 3.02 , 0.55 
34,정수빈,20두CF, 2.95 , 141 , 559 , 490 , 84 , 146 , 17 , 8 , 5 , 194 , 59 , 15 , 6 , 55 , 2 , 3 , 56 , 10 , 7 , 5 , .298 , .368 , .396 , .764 , .348 , 104.3 , 2.95 , 1.48 
35,유강남,20LC, 2.91 , 137 , 478 , 429 , 51 , 112 , 18 , 0 , 16 , 178 , 74 , 1 , 1 , 32 , 13 , 1 , 84 , 18 , 2 , 2 , .261 , .330 , .415 , .745 , .337 , 101.7 , 2.91 , 0.77 
36,최재훈,20한C, 2.77 , 126 , 389 , 339 , 46 , 102 , 19 , 0 , 3 , 130 , 36 , 0 , 0 , 29 , 16 , 0 , 44 , 7 , 5 , 0 , .301 , .383 , .383 , .766 , .358 , 111.1 , 2.77 , 0.51 
37,이형종,20LRF, 2.73 , 81 , 323 , 287 , 41 , 85 , 17 , 2 , 17 , 157 , 50 , 1 , 0 , 27 , 7 , 1 , 61 , 7 , 0 , 2 , .296 , .368 , .547 , .916 , .401 , 146.7 , 2.73 , 0.05 
38,김혜성,20키2B, 2.72 , 142 , 553 , 499 , 80 , 142 , 24 , 6 , 7 , 199 , 61 , 25 , 7 , 46 , 2 , 0 , 94 , 6 , 2 , 4 , .285 , .345 , .399 , .744 , .341 , 98.7 , 2.72 , 1.38 
39,정훈,20롯CF, 2.68 , 111 , 476 , 410 , 72 , 121 , 19 , 1 , 11 , 175 , 58 , 11 , 1 , 56 , 4 , 0 , 85 , 8 , 2 , 4 , .295 , .382 , .427 , .809 , .371 , 115.9 , 2.68 , 1.87 
40,박해민,20삼CF, 2.49 , 132 , 541 , 489 , 84 , 142 , 18 , 5 , 11 , 203 , 55 , 34 , 12 , 39 , 3 , 1 , 77 , 7 , 7 , 3 , .290 , .345 , .415 , .760 , .342 , 98.2 , 2.49 , -0.11 
41,최원준,20KCF, 2.49 , 123 , 412 , 359 , 72 , 117 , 16 , 6 , 2 , 151 , 35 , 14 , 3 , 33 , 6 , 0 , 35 , 1 , 9 , 5 , .326 , .387 , .421 , .808 , .365 , 113.3 , 2.49 , 2.31 
42,한동희,20롯3B, 2.47 , 135 , 531 , 461 , 62 , 128 , 22 , 0 , 17 , 201 , 67 , 0 , 3 , 57 , 5 , 0 , 97 , 15 , 5 , 3 , .278 , .361 , .436 , .797 , .360 , 108.6 , 2.47 , 0.40 
43,박경수,20K2B, 2.39 , 119 , 391 , 324 , 33 , 91 , 17 , 0 , 13 , 147 , 59 , 0 , 1 , 48 , 9 , 2 , 96 , 14 , 3 , 7 , .281 , .381 , .454 , .835 , .374 , 118.7 , 2.39 , 0.77 
44,김선빈,20K2B, 2.26 , 85 , 351 , 303 , 42 , 100 , 19 , 0 , 1 , 122 , 37 , 1 , 1 , 40 , 2 , 0 , 43 , 12 , 1 , 5 , .330 , .406 , .403 , .808 , .378 , 121.1 , 2.26 , 1.07 
45,박동원,20키C, 2.24 , 112 , 372 , 324 , 45 , 81 , 21 , 0 , 12 , 138 , 50 , 0 , 0 , 38 , 6 , 0 , 68 , 10 , 2 , 2 , .250 , .338 , .426 , .764 , .345 , 104.5 , 2.24 , 0.23 
46,김동엽,20삼DH, 2.24 , 115 , 451 , 413 , 60 , 129 , 21 , 0 , 20 , 210 , 74 , 4 , 4 , 29 , 4 , 0 , 79 , 14 , 1 , 4 , .312 , .360 , .508 , .869 , .385 , 123.6 , 2.24 , 1.59 
47,장성우,20KC, 2.22 , 130 , 455 , 400 , 39 , 111 , 15 , 0 , 13 , 165 , 79 , 0 , 0 , 38 , 1 , 0 , 64 , 15 , 10 , 6 , .278 , .337 , .413 , .750 , .333 , 92.1 , 2.22 , 0.62 
48,이용규,20한CF, 2.21 , 120 , 487 , 419 , 60 , 120 , 14 , 2 , 1 , 141 , 32 , 17 , 8 , 59 , 6 , 0 , 36 , 9 , 2 , 1 , .286 , .381 , .337 , .718 , .345 , 102.8 , 2.21 , 1.07 
49,서건창,20키DH, 2.17 , 135 , 595 , 484 , 79 , 134 , 28 , 5 , 5 , 187 , 52 , 24 , 10 , 91 , 5 , 1 , 58 , 8 , 5 , 10 , .277 , .390 , .386 , .776 , .361 , 111.4 , 2.17 , 1.19 
50,채은성,20LRF, 2.08 , 109 , 464 , 416 , 59 , 122 , 17 , 2 , 15 , 188 , 88 , 0 , 3 , 32 , 9 , 1 , 69 , 12 , 0 , 7 , .293 , .351 , .452 , .803 , .361 , 116.9 , 2.08 , -0.14 
51,안치홍,20롯2B, 2.01 , 124 , 460 , 412 , 49 , 118 , 28 , 0 , 8 , 170 , 54 , 14 , 3 , 35 , 7 , 2 , 47 , 11 , 4 , 2 , .286 , .351 , .413 , .764 , .346 , 99.1 , 2.01 , -0.20 
52,권희동,20NRF, 1.98 , 123 , 426 , 346 , 67 , 90 , 16 , 0 , 12 , 142 , 50 , 3 , 0 , 58 , 11 , 0 , 72 , 6 , 6 , 5 , .260 , .379 , .410 , .789 , .360 , 109.3 , 1.98 , 1.68 
53,김재호,20두SS, 1.98 , 120 , 457 , 401 , 48 , 116 , 15 , 1 , 2 , 139 , 39 , 6 , 2 , 45 , 4 , 1 , 45 , 17 , 2 , 5 , .289 , .363 , .347 , .709 , .334 , 95.3 , 1.98 , -0.09 
54,박준태,20키CF, 1.89 , 128 , 443 , 347 , 71 , 85 , 13 , 1 , 5 , 115 , 29 , 5 , 1 , 65 , 19 , 0 , 120 , 4 , 9 , 3 , .245 , .389 , .331 , .721 , .344 , 101.8 , 1.89 , 0.81 
55,박병호,20키1B, 1.81 , 93 , 383 , 309 , 56 , 69 , 7 , 0 , 21 , 139 , 66 , 0 , 0 , 57 , 9 , 2 , 114 , 8 , 0 , 8 , .223 , .353 , .450 , .802 , .357 , 115.7 , 1.81 , 0.50 
56,강진성,20N1B, 1.81 , 121 , 432 , 395 , 53 , 122 , 25 , 0 , 12 , 183 , 70 , 9 , 1 , 20 , 9 , 0 , 46 , 11 , 2 , 6 , .309 , .351 , .463 , .815 , .364 , 112.0 , 1.81 , 0.78 
57,박세혁,20두C, 1.77 , 124 , 423 , 360 , 47 , 97 , 18 , 2 , 4 , 131 , 51 , 5 , 3 , 35 , 12 , 0 , 45 , 7 , 9 , 7 , .269 , .348 , .364 , .712 , .326 , 90.8 , 1.77 , 1.06 
58,이명기,20NLF, 1.70 , 136 , 540 , 477 , 82 , 146 , 18 , 3 , 2 , 176 , 45 , 12 , 7 , 50 , 4 , 0 , 78 , 6 , 5 , 4 , .306 , .374 , .369 , .743 , .347 , 101.8 , 1.70 , 1.00 
59,조용호,20KLF, 1.48 , 132 , 482 , 409 , 73 , 121 , 15 , 0 , 0 , 136 , 32 , 12 , 3 , 64 , 2 , 1 , 83 , 6 , 5 , 2 , .296 , .392 , .333 , .725 , .347 , 99.7 , 1.48 , 1.84 
60,살라디노,20삼LF, 1.37 , 44 , 163 , 132 , 26 , 37 , 8 , 0 , 6 , 63 , 27 , 6 , 1 , 23 , 7 , 0 , 41 , 3 , 0 , 1 , .280 , .411 , .477 , .888 , .405 , 137.2 , 1.37 , 0.53 
61,오윤석,20롯2B, 1.31 , 63 , 197 , 168 , 31 , 50 , 7 , 1 , 4 , 71 , 32 , 2 , 1 , 24 , 2 , 0 , 47 , 2 , 1 , 2 , .298 , .388 , .423 , .810 , .373 , 117.0 , 1.31 , 0.44 
62,한유섬,20SRF, 1.31 , 62 , 231 , 193 , 35 , 48 , 5 , 0 , 15 , 98 , 31 , 2 , 0 , 30 , 6 , 1 , 49 , 8 , 0 , 2 , .249 , .364 , .508 , .871 , .383 , 121.2 , 1.31 , 0.56 
63,이원석,20삼3B, 1.29 , 121 , 467 , 403 , 46 , 108 , 17 , 0 , 13 , 164 , 74 , 0 , 1 , 49 , 2 , 1 , 82 , 7 , 1 , 12 , .268 , .341 , .407 , .748 , .338 , 94.3 , 1.29 , 0.22 
64,허정협,20키LF, 1.28 , 111 , 360 , 314 , 45 , 84 , 12 , 0 , 10 , 126 , 43 , 0 , 0 , 40 , 2 , 0 , 73 , 7 , 3 , 1 , .268 , .353 , .401 , .754 , .346 , 104.5 , 1.28 , 1.38 
65,반즈,20한1B, 1.23 , 74 , 319 , 283 , 38 , 75 , 17 , 1 , 9 , 121 , 42 , 2 , 1 , 27 , 7 , 1 , 81 , 4 , 0 , 2 , .265 , .342 , .428 , .769 , .349 , 104.5 , 1.23 , 0.31 
66,이지영,20키C, 1.14 , 101 , 289 , 262 , 22 , 81 , 10 , 2 , 0 , 95 , 36 , 1 , 1 , 19 , 4 , 1 , 28 , 8 , 3 , 1 , .309 , .364 , .363 , .726 , .338 , 95.4 , 1.14 , 0.37 
67,김호재,20삼3B, 1.11 , 65 , 138 , 118 , 19 , 38 , 5 , 0 , 1 , 46 , 10 , 2 , 0 , 16 , 3 , 0 , 19 , 1 , 1 , 0 , .322 , .416 , .390 , .806 , .381 , 124.4 , 1.11 , 0.03 
68,이대호,20롯DH, 1.02 , 144 , 611 , 542 , 67 , 158 , 27 , 0 , 20 , 245 , 110 , 1 , 0 , 53 , 5 , 9 , 68 , 21 , 0 , 11 , .292 , .354 , .452 , .806 , .357 , 106.1 , 1.02 , 3.56 
69,이병규,20롯1B, 0.97 , 53 , 194 , 164 , 28 , 45 , 4 , 0 , 9 , 76 , 32 , 0 , 0 , 28 , 1 , 0 , 55 , 5 , 0 , 1 , .274 , .381 , .463 , .845 , .383 , 123.9 , 0.97 , 0.91 
70,김민성,20L3B, 0.96 , 87 , 333 , 297 , 29 , 79 , 20 , 0 , 5 , 114 , 47 , 2 , 1 , 24 , 4 , 2 , 66 , 8 , 4 , 4 , .266 , .325 , .384 , .709 , .319 , 87.8 , 0.96 , -0.30 
71,김준태,20롯C, 0.95 , 128 , 369 , 306 , 38 , 69 , 12 , 2 , 5 , 100 , 43 , 2 , 2 , 56 , 1 , 0 , 64 , 5 , 3 , 3 , .225 , .344 , .327 , .671 , .318 , 81.7 , 0.95 , 0.11 
72,김강민,20SCF, 0.93 , 122 , 327 , 289 , 39 , 73 , 11 , 1 , 12 , 122 , 45 , 7 , 5 , 27 , 4 , 2 , 62 , 10 , 5 , 2 , .253 , .323 , .422 , .745 , .329 , 88.0 , 0.93 , 0.17 
73,정은원,20한2B, 0.92 , 79 , 303 , 254 , 28 , 63 , 9 , 2 , 3 , 85 , 29 , 1 , 1 , 41 , 5 , 0 , 41 , 4 , 2 , 1 , .248 , .362 , .335 , .697 , .332 , 94.1 , 0.92 , -0.20 
74,채태인,20SDH, 0.85 , 71 , 189 , 160 , 11 , 45 , 5 , 0 , 7 , 71 , 24 , 0 , 0 , 29 , 0 , 2 , 33 , 4 , 0 , 0 , .281 , .392 , .444 , .835 , .380 , 121.5 , 0.85 , -0.39 
75,노시환,20한3B, 0.83 , 107 , 387 , 346 , 46 , 76 , 18 , 2 , 12 , 134 , 43 , 0 , 1 , 33 , 6 , 1 , 116 , 8 , 1 , 1 , .220 , .298 , .387 , .685 , .310 , 78.7 , 0.83 , -2.10 
76,하주석,20한SS, 0.83 , 72 , 281 , 262 , 22 , 75 , 11 , 0 , 2 , 92 , 32 , 4 , 1 , 13 , 2 , 0 , 66 , 3 , 2 , 2 , .286 , .323 , .351 , .674 , .312 , 81.0 , 0.83 , -0.50 
77,오태곤,20KSLF, 0.80 , 94 , 258 , 234 , 36 , 64 , 12 , 1 , 5 , 93 , 35 , 15 , 6 , 13 , 7 , 0 , 47 , 6 , 4 , 0 , .274 , .331 , .397 , .728 , .330 , 89.7 , 0.80 , 0.08 
78,김웅빈,20키1B, 0.75 , 73 , 235 , 207 , 25 , 57 , 13 , 0 , 8 , 94 , 31 , 1 , 0 , 17 , 3 , 1 , 65 , 6 , 5 , 3 , .275 , .335 , .454 , .789 , .344 , 104.1 , 0.75 , 0.14 
79,이창진,20KCF, 0.72 , 22 , 99 , 88 , 19 , 29 , 8 , 1 , 0 , 39 , 7 , 0 , 1 , 10 , 1 , 0 , 17 , 2 , 0 , 0 , .330 , .404 , .443 , .847 , .392 , 130.7 , 0.72 , 0.16 
80,전병우,20키3B, 0.71 , 119 , 402 , 359 , 46 , 85 , 13 , 3 , 8 , 128 , 48 , 7 , 0 , 37 , 2 , 0 , 100 , 7 , 2 , 2 , .237 , .310 , .357 , .667 , .307 , 77.8 , 0.71 , 0.20 
81,류지혁,20두K3B, 0.63 , 25 , 51 , 42 , 13 , 16 , 3 , 0 , 1 , 22 , 5 , 1 , 1 , 1 , 5 , 0 , 6 , 3 , 1 , 2 , .381 , .440 , .524 , .964 , .425 , 155.7 , 0.63 , 0.19 
82,유한준,20KDH, 0.63 , 119 , 428 , 386 , 48 , 108 , 17 , 0 , 11 , 158 , 64 , 0 , 0 , 40 , 0 , 2 , 51 , 9 , 1 , 1 , .280 , .347 , .409 , .756 , .345 , 99.2 , 0.63 , 0.83 
83,김형준,20NC, 0.63 , 44 , 82 , 72 , 12 , 22 , 1 , 0 , 3 , 32 , 11 , 0 , 0 , 10 , 0 , 0 , 21 , 1 , 0 , 0 , .306 , .390 , .444 , .835 , .384 , 124.9 , 0.63 , -0.17 
84,최항,20S2B, 0.62 , 47 , 155 , 132 , 21 , 35 , 3 , 0 , 2 , 44 , 15 , 1 , 0 , 21 , 1 , 1 , 27 , 3 , 0 , 1 , .265 , .368 , .333 , .701 , .334 , 92.9 , 0.62 , -0.09 
85,이천웅,20LCF, 0.58 , 89 , 359 , 312 , 44 , 80 , 11 , 2 , 3 , 104 , 36 , 8 , 5 , 35 , 4 , 0 , 44 , 7 , 2 , 6 , .256 , .333 , .333 , .667 , .313 , 81.7 , 0.58 , -0.87 
86,강한울,20삼SS, 0.56 , 34 , 122 , 105 , 13 , 32 , 3 , 0 , 1 , 38 , 10 , 1 , 0 , 11 , 0 , 0 , 24 , 3 , 5 , 1 , .305 , .368 , .362 , .729 , .330 , 91.1 , 0.56 , 0.45 
87,강태율,20롯C, 0.55 , 14 , 18 , 11 , 2 , 5 , 0 , 0 , 2 , 11 , 2 , 0 , 0 , 7 , 0 , 0 , 2 , 1 , 0 , 0 , .455 , .667 , 1.000 , 1.667 , .661 , 305.7 , 0.55 , 0.03 
88,김태군,20NC, 0.53 , 80 , 131 , 113 , 16 , 33 , 6 , 0 , 1 , 42 , 18 , 0 , 0 , 6 , 4 , 0 , 14 , 3 , 7 , 1 , .292 , .347 , .372 , .719 , .318 , 82.6 , 0.53 , 0.29 
89,백용환,20KC, 0.52 , 51 , 106 , 91 , 12 , 20 , 4 , 0 , 5 , 39 , 10 , 0 , 0 , 14 , 0 , 0 , 29 , 2 , 1 , 0 , .220 , .324 , .429 , .752 , .336 , 93.9 , 0.52 , -0.10 
90,한승택,20KC, 0.52 , 83 , 262 , 226 , 22 , 51 , 6 , 0 , 9 , 84 , 29 , 0 , 0 , 21 , 6 , 0 , 58 , 7 , 9 , 0 , .226 , .308 , .372 , .680 , .303 , 72.1 , 0.52 , -0.17 
91,나주환,20K3B, 0.52 , 64 , 222 , 204 , 21 , 57 , 5 , 0 , 6 , 80 , 26 , 0 , 0 , 12 , 1 , 0 , 44 , 6 , 4 , 1 , .279 , .321 , .392 , .713 , .320 , 83.4 , 0.52 , -0.47 
92,최영진,20삼3B, 0.51 , 58 , 118 , 101 , 15 , 30 , 3 , 0 , 1 , 36 , 11 , 2 , 3 , 13 , 2 , 0 , 16 , 3 , 1 , 1 , .297 , .385 , .356 , .741 , .351 , 104.3 , 0.51 , -0.70 
93,김성현,20SSS, 0.50 , 133 , 392 , 343 , 34 , 93 , 9 , 1 , 2 , 110 , 25 , 1 , 1 , 30 , 5 , 0 , 27 , 10 , 11 , 3 , .271 , .336 , .321 , .657 , .304 , 74.0 , 0.50 , -1.33 
94,유민상,20K1B, 0.48 , 126 , 455 , 390 , 38 , 96 , 23 , 0 , 8 , 143 , 65 , 0 , 0 , 53 , 6 , 1 , 80 , 13 , 2 , 4 , .246 , .342 , .367 , .709 , .329 , 89.3 , 0.48 , 0.98 
95,황대인,20K1B, 0.48 , 63 , 138 , 116 , 14 , 32 , 4 , 0 , 4 , 48 , 16 , 0 , 0 , 21 , 0 , 0 , 29 , 5 , 0 , 1 , .276 , .384 , .414 , .798 , .370 , 115.8 , 0.48 , 0.51 
96,이유찬,20두3B, 0.48 , 101 , 108 , 89 , 30 , 23 , 2 , 1 , 0 , 27 , 6 , 13 , 4 , 14 , 2 , 0 , 25 , 2 , 2 , 1 , .258 , .368 , .303 , .671 , .322 , 86.2 , 0.48 , -0.12 
97,이해창,20한C, 0.46 , 70 , 135 , 119 , 11 , 32 , 5 , 0 , 3 , 46 , 17 , 0 , 2 , 9 , 4 , 0 , 23 , 6 , 1 , 2 , .269 , .336 , .387 , .722 , .330 , 92.7 , 0.46 , -0.29 
98,러셀,20키2B, 0.42 , 65 , 271 , 244 , 22 , 62 , 14 , 0 , 2 , 82 , 31 , 2 , 0 , 22 , 2 , 1 , 37 , 6 , 0 , 3 , .254 , .317 , .336 , .653 , .305 , 75.0 , 0.42 , -1.03 
99,강경학,20한2B, 0.40 , 94 , 238 , 193 , 25 , 44 , 7 , 1 , 4 , 65 , 19 , 1 , 2 , 35 , 3 , 0 , 64 , 2 , 5 , 2 , .228 , .352 , .337 , .689 , .322 , 86.8 , 0.40 , 0.57 
100,최지훈,20SRF, 0.39 , 127 , 520 , 466 , 66 , 120 , 19 , 5 , 1 , 152 , 27 , 18 , 6 , 38 , 5 , 0 , 80 , 4 , 8 , 3 , .258 , .318 , .326 , .645 , .299 , 71.5 , 0.39 , -2.51 
101,박용택,20LLF, 0.39 , 97 , 236 , 217 , 22 , 65 , 15 , 0 , 2 , 86 , 35 , 2 , 0 , 15 , 0 , 1 , 34 , 7 , 0 , 4 , .300 , .339 , .396 , .735 , .335 , 97.2 , 0.39 , 0.08 
102,이학주,20삼SS, 0.36 , 64 , 243 , 206 , 30 , 47 , 11 , 0 , 4 , 70 , 28 , 6 , 2 , 26 , 2 , 1 , 58 , 3 , 4 , 5 , .228 , .314 , .340 , .654 , .298 , 68.5 , 0.36 , -0.22 
103,박승욱,20K2B, 0.34 , 97 , 128 , 110 , 23 , 29 , 3 , 2 , 1 , 39 , 10 , 5 , 1 , 11 , 4 , 0 , 37 , 1 , 2 , 1 , .264 , .349 , .355 , .704 , .327 , 87.0 , 0.34 , -0.37 
104,김민하,20한RF, 0.34 , 36 , 85 , 74 , 10 , 21 , 6 , 0 , 1 , 30 , 11 , 0 , 0 , 8 , 2 , 0 , 16 , 2 , 1 , 0 , .284 , .369 , .405 , .775 , .356 , 109.5 , 0.34 , -0.01 
105,모창민,20N1B, 0.34 , 62 , 149 , 136 , 10 , 41 , 10 , 2 , 2 , 61 , 13 , 0 , 0 , 8 , 1 , 1 , 22 , 5 , 2 , 2 , .301 , .340 , .449 , .789 , .347 , 100.2 , 0.34 , 0.45 
106,정진호,20한LF, 0.32 , 113 , 326 , 282 , 30 , 78 , 14 , 1 , 2 , 100 , 19 , 9 , 7 , 29 , 3 , 1 , 50 , 5 , 10 , 2 , .277 , .348 , .355 , .703 , .320 , 85.8 , 0.32 , -0.84 
107,김인태,20두LF, 0.31 , 77 , 110 , 84 , 15 , 17 , 5 , 0 , 1 , 25 , 13 , 0 , 0 , 21 , 2 , 0 , 13 , 3 , 2 , 1 , .202 , .370 , .298 , .668 , .325 , 90.7 , 0.31 , 0.98 
108,최정원,20N2B, 0.30 , 49 , 48 , 40 , 18 , 11 , 3 , 1 , 0 , 16 , 2 , 4 , 0 , 7 , 0 , 0 , 13 , 1 , 1 , 0 , .275 , .383 , .400 , .783 , .358 , 107.7 , 0.30 , 0.17 
109,김호령,20KCF, 0.30 , 88 , 159 , 138 , 36 , 32 , 5 , 2 , 4 , 53 , 16 , 3 , 3 , 14 , 3 , 0 , 55 , 2 , 3 , 1 , .232 , .314 , .384 , .698 , .314 , 78.6 , 0.30 , -0.41 
110,손호영,20L3B, 0.29 , 22 , 31 , 30 , 9 , 11 , 2 , 0 , 0 , 13 , 3 , 5 , 0 , 1 , 0 , 0 , 6 , 2 , 0 , 0 , .367 , .387 , .433 , .820 , .380 , 125.3 , 0.29 , -0.34 
111,김재유,20롯CF, 0.28 , 68 , 133 , 116 , 20 , 30 , 1 , 0 , 1 , 34 , 9 , 10 , 2 , 12 , 3 , 0 , 35 , 2 , 2 , 0 , .259 , .344 , .293 , .637 , .306 , 74.4 , 0.28 , 0.16 
112,문상철,20K1B, 0.28 , 74 , 172 , 154 , 24 , 40 , 3 , 2 , 8 , 71 , 25 , 0 , 1 , 11 , 2 , 0 , 43 , 4 , 3 , 2 , .260 , .314 , .461 , .775 , .336 , 94.6 , 0.28 , -0.98 
113,이성곤,20삼1B, 0.27 , 62 , 154 , 139 , 16 , 39 , 7 , 0 , 5 , 61 , 18 , 2 , 0 , 11 , 0 , 0 , 38 , 3 , 2 , 2 , .281 , .329 , .439 , .768 , .340 , 95.2 , 0.27 , -0.23 
114,김찬형,20NSS, 0.26 , 56 , 72 , 64 , 10 , 19 , 6 , 0 , 0 , 25 , 7 , 3 , 1 , 4 , 1 , 0 , 11 , 0 , 2 , 1 , .297 , .343 , .391 , .734 , .329 , 89.7 , 0.26 , 0.17 
115,오재원,20두2B, 0.24 , 85 , 174 , 155 , 25 , 36 , 7 , 1 , 5 , 60 , 27 , 10 , 5 , 16 , 0 , 0 , 49 , 3 , 1 , 2 , .232 , .301 , .387 , .688 , .310 , 82.4 , 0.24 , -1.04 
116,박성한,20SSS, 0.24 , 41 , 112 , 99 , 7 , 24 , 2 , 0 , 2 , 32 , 8 , 1 , 1 , 11 , 1 , 0 , 21 , 1 , 1 , 0 , .242 , .324 , .323 , .648 , .305 , 73.4 , 0.24 , -0.59 
117,허도환,20KC, 0.23 , 52 , 62 , 53 , 2 , 14 , 1 , 0 , 0 , 15 , 5 , 0 , 0 , 6 , 2 , 0 , 15 , 2 , 1 , 0 , .264 , .361 , .283 , .644 , .314 , 78.3 , 0.23 , 0.56 
118,이재율,20N, 0.23 , 25 , 10 , 9 , 9 , 4 , 1 , 0 , 0 , 5 , 3 , 4 , 1 , 1 , 0 , 0 , 1 , 1 , 0 , 0 , .444 , .500 , .556 , 1.056 , .485 , 192.3 , 0.23 , 0.02 
119,최용제,20두C, 0.22 , 28 , 49 , 44 , 9 , 13 , 0 , 1 , 0 , 15 , 9 , 0 , 0 , 4 , 0 , 0 , 8 , 2 , 1 , 0 , .295 , .354 , .341 , .695 , .323 , 85.5 , 0.22 , 0.28 
120,노수광,20S한CF, 0.22 , 100 , 330 , 291 , 39 , 73 , 10 , 3 , 1 , 92 , 21 , 11 , 7 , 34 , 2 , 2 , 64 , 2 , 2 , 1 , .251 , .332 , .316 , .649 , .306 , 76.5 , 0.22 , -0.77 
121,임병욱,20키CF, 0.21 , 12 , 41 , 37 , 3 , 10 , 4 , 0 , 0 , 14 , 6 , 3 , 0 , 4 , 0 , 1 , 10 , 1 , 0 , 0 , .270 , .342 , .378 , .720 , .325 , 88.2 , 0.21 , 0.27 
122,신민재,20LCF, 0.20 , 68 , 32 , 26 , 26 , 8 , 1 , 0 , 0 , 9 , 5 , 8 , 2 , 4 , 0 , 0 , 4 , 1 , 2 , 0 , .308 , .400 , .346 , .746 , .338 , 97.2 , 0.20 , -0.13 
123,김성민,20SSS, 0.20 , 9 , 16 , 14 , 4 , 4 , 0 , 0 , 2 , 10 , 4 , 0 , 0 , 1 , 1 , 0 , 3 , 0 , 0 , 0 , .286 , .375 , .714 , 1.089 , .457 , 165.1 , 0.20 , 0.15 
124,김주형,20키3B, 0.19 , 39 , 50 , 43 , 8 , 10 , 3 , 0 , 1 , 16 , 6 , 0 , 1 , 4 , 2 , 0 , 10 , 0 , 1 , 0 , .233 , .327 , .372 , .699 , .319 , 85.8 , 0.19 , -0.33 
125,양석환,20L3B, 0.18 , 40 , 132 , 118 , 8 , 29 , 5 , 0 , 3 , 43 , 13 , 0 , 0 , 10 , 2 , 0 , 25 , 1 , 2 , 0 , .246 , .315 , .364 , .680 , .310 , 82.6 , 0.18 , -0.75 
126,변상권,20키CF, 0.14 , 35 , 64 , 62 , 7 , 17 , 5 , 0 , 1 , 25 , 16 , 0 , 0 , 1 , 0 , 0 , 20 , 2 , 0 , 1 , .274 , .281 , .403 , .685 , .305 , 76.5 , 0.14 , 0.15 
127,박정현,20한SS, 0.13 , 30 , 64 , 61 , 6 , 17 , 3 , 0 , 1 , 23 , 9 , 0 , 0 , 3 , 0 , 0 , 17 , 2 , 0 , 0 , .279 , .313 , .377 , .690 , .317 , 84.2 , 0.13 , -0.05 
128,김은성,20키2B, 0.13 , 16 , 6 , 4 , 0 , 2 , 0 , 0 , 0 , 2 , 0 , 0 , 0 , 1 , 1 , 0 , 1 , 1 , 0 , 0 , .500 , .667 , .500 , 1.167 , .563 , 244.2 , 0.13 , -0.18 
129,장승현,20두C, 0.12 , 23 , 22 , 20 , 5 , 5 , 3 , 0 , 0 , 8 , 3 , 0 , 0 , 1 , 1 , 0 , 6 , 2 , 0 , 0 , .250 , .318 , .400 , .718 , .329 , 94.4 , 0.12 , 0.07 
130,송준석,20삼RF, 0.12 , 32 , 50 , 47 , 5 , 13 , 5 , 0 , 1 , 21 , 7 , 0 , 0 , 2 , 1 , 0 , 6 , 4 , 0 , 0 , .277 , .320 , .447 , .767 , .345 , 98.7 , 0.12 , 0.19 
131,김지찬,20삼2B, 0.12 , 135 , 287 , 254 , 47 , 59 , 5 , 1 , 1 , 69 , 13 , 21 , 4 , 24 , 2 , 0 , 44 , 1 , 5 , 2 , .232 , .301 , .272 , .573 , .272 , 53.4 , 0.12 , -1.61 
132,이진영,20K, 0.10 , 32 , 27 , 22 , 4 , 5 , 1 , 0 , 0 , 6 , 5 , 1 , 0 , 5 , 0 , 0 , 9 , 1 , 0 , 0 , .227 , .370 , .273 , .643 , .323 , 84.3 , 0.10 , -0.01 
133,지시완,20롯C, 0.09 , 3 , 11 , 8 , 0 , 2 , 0 , 0 , 0 , 2 , 2 , 0 , 0 , 3 , 0 , 0 , 4 , 0 , 0 , 0 , .250 , .455 , .250 , .705 , .371 , 117.8 , 0.09 , 0.16 
134,이흥련,20두SC, 0.09 , 49 , 132 , 125 , 6 , 30 , 1 , 0 , 3 , 40 , 20 , 0 , 0 , 6 , 0 , 0 , 29 , 5 , 0 , 1 , .240 , .273 , .320 , .593 , .273 , 52.1 , 0.09 , -0.36 
135,신성현,20두, 0.08 , 8 , 7 , 4 , 2 , 1 , 1 , 0 , 0 , 2 , 0 , 0 , 0 , 3 , 0 , 0 , 3 , 0 , 0 , 0 , .250 , .571 , .500 , 1.071 , .498 , 202.6 , 0.08 , 0.14 
136,김민식,20KC, 0.08 , 69 , 237 , 210 , 22 , 52 , 6 , 1 , 2 , 66 , 21 , 0 , 0 , 17 , 2 , 0 , 28 , 3 , 6 , 2 , .248 , .307 , .314 , .622 , .286 , 61.0 , 0.08 , -0.36 
137,오선우,20KRF, 0.08 , 59 , 73 , 67 , 11 , 16 , 0 , 0 , 4 , 28 , 14 , 0 , 0 , 3 , 3 , 0 , 26 , 2 , 0 , 0 , .239 , .301 , .418 , .719 , .324 , 85.3 , 0.08 , -0.13 
138,김성윤,20삼LF, 0.08 , 9 , 9 , 7 , 1 , 2 , 1 , 0 , 0 , 3 , 0 , 0 , 0 , 1 , 1 , 0 , 1 , 0 , 0 , 0 , .286 , .444 , .429 , .873 , .414 , 145.5 , 0.08 , -0.10 
139,신용수,20롯RF, 0.07 , 5 , 8 , 7 , 2 , 3 , 0 , 0 , 0 , 3 , 2 , 1 , 1 , 1 , 0 , 0 , 0 , 0 , 0 , 0 , .429 , .500 , .429 , .929 , .445 , 165.5 , 0.07 , 0.16 
140,김기환,20N, 0.07 , 4 , 2 , 2 , 1 , 1 , 1 , 0 , 0 , 2 , 0 , 0 , 0 , 0 , 0 , 0 , 0 , 0 , 0 , 0 , .500 , .500 , 1.000 , 1.500 , .645 , 292.1 , 0.07 , 0.00 
141,유서준,20SSS, 0.06 , 28 , 25 , 24 , 10 , 6 , 1 , 0 , 1 , 10 , 2 , 1 , 1 , 1 , 0 , 0 , 7 , 2 , 0 , 0 , .250 , .280 , .417 , .697 , .310 , 75.4 , 0.06 , -0.11 
142,서예일,20두3B, 0.06 , 39 , 29 , 25 , 4 , 6 , 2 , 0 , 0 , 8 , 1 , 0 , 0 , 3 , 0 , 0 , 7 , 0 , 0 , 1 , .240 , .310 , .320 , .630 , .295 , 69.6 , 0.06 , 0.09 
143,김문호,20한1B, 0.05 , 18 , 52 , 46 , 6 , 10 , 1 , 0 , 2 , 17 , 5 , 0 , 0 , 5 , 1 , 0 , 11 , 1 , 0 , 0 , .217 , .308 , .370 , .677 , .312 , 80.3 , 0.05 , 0.17 
144,임지열,20키, 0.05 , 1 , 1 , 1 , 1 , 1 , 0 , 0 , 0 , 1 , 0 , 0 , 0 , 0 , 0 , 0 , 0 , 0 , 0 , 0 , 1.000 , 1.000 , 1.000 , 2.000 , .942 , 491.5 , 0.05 , 0.00 
145,김민수,20롯3B, 0.04 , 3 , 10 , 8 , 1 , 2 , 0 , 0 , 0 , 2 , 0 , 1 , 0 , 2 , 0 , 0 , 4 , 0 , 0 , 0 , .250 , .400 , .250 , .650 , .335 , 93.9 , 0.04 , 0.08 
146,강현우,20KC, 0.04 , 26 , 32 , 30 , 2 , 6 , 2 , 0 , 1 , 11 , 3 , 0 , 0 , 2 , 0 , 0 , 11 , 1 , 0 , 0 , .200 , .250 , .367 , .617 , .276 , 54.0 , 0.04 , 0.02 
147,최승준,20한1B, 0.04 , 2 , 4 , 3 , 1 , 1 , 0 , 0 , 0 , 1 , 1 , 0 , 0 , 0 , 1 , 0 , 2 , 0 , 0 , 0 , .333 , .500 , .333 , .833 , .426 , 157.7 , 0.04 , 0.07 
148,김주찬,20K1B, 0.04 , 7 , 18 , 18 , 3 , 6 , 0 , 0 , 1 , 9 , 2 , 0 , 1 , 0 , 0 , 0 , 2 , 2 , 0 , 0 , .333 , .333 , .500 , .833 , .371 , 117.0 , 0.04 , -0.38 
149,정주현,20L2B, 0.04 , 134 , 371 , 328 , 50 , 81 , 10 , 4 , 4 , 111 , 30 , 8 , 7 , 29 , 3 , 0 , 63 , 6 , 9 , 2 , .247 , .312 , .338 , .651 , .297 , 71.1 , 0.04 , -0.59 
150,신본기,20롯3B, 0.04 , 81 , 123 , 106 , 18 , 23 , 1 , 0 , 2 , 30 , 12 , 1 , 0 , 14 , 1 , 0 , 22 , 3 , 1 , 1 , .217 , .312 , .283 , .595 , .285 , 60.7 , 0.04 , -0.30 
151,허관회,20한C, 0.04 , 1 , 2 , 2 , 0 , 1 , 0 , 0 , 0 , 1 , 0 , 0 , 0 , 0 , 0 , 0 , 1 , 0 , 0 , 0 , .500 , .500 , .500 , 1.000 , .471 , 190.0 , 0.04 , -0.04 
152,김현민,20한2B, 0.03 , 4 , 5 , 5 , 2 , 2 , 0 , 0 , 0 , 2 , 0 , 0 , 0 , 0 , 0 , 0 , 1 , 0 , 0 , 0 , .400 , .400 , .400 , .800 , .377 , 125.8 , 0.03 , -0.02 
153,고종욱,20SLF, 0.02 , 92 , 288 , 272 , 24 , 77 , 9 , 3 , 3 , 101 , 26 , 1 , 3 , 14 , 1 , 0 , 55 , 3 , 0 , 1 , .283 , .319 , .371 , .691 , .319 , 83.6 , 0.02 , -0.46 
154,김창평,20S2B, 0.02 , 35 , 90 , 78 , 10 , 15 , 4 , 1 , 0 , 21 , 7 , 7 , 0 , 11 , 0 , 0 , 16 , 2 , 0 , 1 , .192 , .289 , .269 , .558 , .269 , 52.3 , 0.02 , 0.26 
155,강로한,20롯CF, 0.02 , 16 , 26 , 21 , 6 , 4 , 0 , 0 , 0 , 4 , 1 , 2 , 1 , 4 , 1 , 0 , 6 , 0 , 0 , 0 , .190 , .346 , .190 , .537 , .287 , 62.5 , 0.02 , 0.17 
156,권정웅,20삼C, 0.02 , 3 , 2 , 1 , 0 , 0 , 0 , 0 , 0 , 0 , 0 , 0 , 0 , 1 , 0 , 0 , 0 , 0 , 0 , 0 , .000 , .500 , .000 , .500 , .367 , 113.7 , 0.02 , 0.00 
157,양찬열,20두RF, 0.01 , 17 , 26 , 22 , 5 , 5 , 0 , 0 , 0 , 5 , 3 , 0 , 0 , 3 , 1 , 0 , 2 , 0 , 0 , 0 , .227 , .346 , .227 , .573 , .295 , 68.5 , 0.01 , -0.00 
158,박민,20K3B, 0.01 , 6 , 2 , 1 , 1 , 0 , 0 , 0 , 0 , 0 , 0 , 0 , 0 , 1 , 0 , 0 , 1 , 0 , 0 , 0 , .000 , .500 , .000 , .500 , .367 ,  , 0.01 , -0.01 
159,김진욱,20한P, 0.00 , 1 , 1 , 1 , 0 , 0 , 0 , 0 , 0 , 0 , 0 , 0 , 0 , 0 , 0 , 0 , 1 , 0 , 0 , 0 , .000 , .000 , .000 , .000 , .000 ,  , 0.00 , 0.00 
160,김호은,20L1B, 0.00 , 69 , 112 , 103 , 12 , 25 , 5 , 0 , 2 , 36 , 11 , 0 , 0 , 7 , 2 , 0 , 14 , 2 , 0 , 0 , .243 , .304 , .350 , .653 , .303 , 77.5 , 0.00 , 0.74 
161,장준원,20L3B, 0.00 , 46 , 68 , 60 , 10 , 13 , 3 , 0 , 1 , 19 , 6 , 0 , 0 , 6 , 0 , 0 , 7 , 2 , 1 , 1 , .217 , .284 , .317 , .600 , .275 , 58.5 , 0.00 , -0.04 
162,현원회,20SC, 0.00 , 1 , 0 , 0 , 0 , 0 , 0 , 0 , 0 , 0 , 0 , 0 , 0 , 0 , 0 , 0 , 0 , 0 , 0 , 0 ,  ,  ,  ,  ,  ,  , 0.00 , 0.00 
163,김병휘,20키DH, 0.00 , 1 , 1 , 1 , 1 , 0 , 0 , 0 , 0 , 0 , 0 , 0 , 0 , 0 , 0 , 0 , 1 , 0 , 0 , 0 , .000 , .000 , .000 , .000 , .000 ,  , 0.00 , 0.00 
164,주권,20KP, 0.00 , 2 , 0 , 0 , 0 , 0 , 0 , 0 , 0 , 0 , 0 , 0 , 0 , 0 , 0 , 0 , 0 , 0 , 0 , 0 ,  ,  ,  ,  ,  ,  , 0.00 , 0.00 
,조상우,20키P, 0.00 , 6 , 0 , 0 , 0 , 0 , 0 , 0 , 0 , 0 , 0 , 0 , 0 , 0 , 0 , 0 , 0 , 0 , 0 , 0 ,  ,  ,  ,  ,  ,  , 0.00 , 0.00 
,조영건,20키P, 0.00 , 3 , 0 , 0 , 0 , 0 , 0 , 0 , 0 , 0 , 0 , 0 , 0 , 0 , 0 , 0 , 0 , 0 , 0 , 0 ,  ,  ,  ,  ,  ,  , 0.00 , 0.00 
,신재영,20키P, 0.00 , 1 , 0 , 0 , 0 , 0 , 0 , 0 , 0 , 0 , 0 , 0 , 0 , 0 , 0 , 0 , 0 , 0 , 0 , 0 ,  ,  ,  ,  ,  ,  , 0.00 , 0.00 
,김민규,20두P, 0.00 , 3 , 0 , 0 , 0 , 0 , 0 , 0 , 0 , 0 , 0 , 0 , 0 , 0 , 0 , 0 , 0 , 0 , 0 , 0 ,  ,  ,  ,  ,  ,  , 0.00 , 0.00 
,김재윤,20KP, 0.00 , 2 , 0 , 0 , 0 , 0 , 0 , 0 , 0 , 0 , 0 , 0 , 0 , 0 , 0 , 0 , 0 , 0 , 0 , 0 ,  ,  ,  ,  ,  ,  , 0.00 , 0.00 
,임현준,20삼P, 0.00 , 1 , 0 , 0 , 0 , 0 , 0 , 0 , 0 , 0 , 0 , 0 , 0 , 0 , 0 , 0 , 0 , 0 , 0 , 0 ,  ,  ,  ,  ,  ,  , 0.00 , 0.00 
,김상수,20키P, 0.00 , 1 , 0 , 0 , 0 , 0 , 0 , 0 , 0 , 0 , 0 , 0 , 0 , 0 , 0 , 0 , 0 , 0 , 0 , 0 ,  ,  ,  ,  ,  ,  , 0.00 , 0.00 
,임규빈,20키P, 0.00 , 2 , 0 , 0 , 0 , 0 , 0 , 0 , 0 , 0 , 0 , 0 , 0 , 0 , 0 , 0 , 0 , 0 , 0 , 0 ,  ,  ,  ,  ,  ,  , 0.00 , 0.00 
,조병욱,20KP, 0.00 , 1 , 0 , 0 , 0 , 0 , 0 , 0 , 0 , 0 , 0 , 0 , 0 , 0 , 0 , 0 , 0 , 0 , 0 , 0 ,  ,  ,  ,  ,  ,  , 0.00 , 0.00 
,박종훈,20SP, 0.00 , 1 , 0 , 0 , 0 , 0 , 0 , 0 , 0 , 0 , 0 , 0 , 0 , 0 , 0 , 0 , 0 , 0 , 0 , 0 ,  ,  ,  ,  ,  ,  , 0.00 , 0.00 
,진해수,20LP, 0.00 , 1 , 0 , 0 , 0 , 0 , 0 , 0 , 0 , 0 , 0 , 0 , 0 , 0 , 0 , 0 , 0 , 0 , 0 , 0 ,  ,  ,  ,  ,  ,  , 0.00 , 0.00 
,권휘,20두P, 0.00 , 1 , 0 , 0 , 0 , 0 , 0 , 0 , 0 , 0 , 0 , 0 , 0 , 0 , 0 , 0 , 0 , 0 , 0 , 0 ,  ,  ,  ,  ,  ,  , 0.00 , 0.00 
,조제영,20두P, 0.00 , 1 , 0 , 0 , 0 , 0 , 0 , 0 , 0 , 0 , 0 , 0 , 0 , 0 , 0 , 0 , 0 , 0 , 0 , 0 ,  ,  ,  ,  ,  ,  , 0.00 , 0.00 
,원종현,20NP, 0.00 , 4 , 0 , 0 , 0 , 0 , 0 , 0 , 0 , 0 , 0 , 0 , 0 , 0 , 0 , 0 , 0 , 0 , 0 , 0 ,  ,  ,  ,  ,  ,  , 0.00 , 0.00 
,이정용,20LP, 0.00 , 1 , 0 , 0 , 0 , 0 , 0 , 0 , 0 , 0 , 0 , 0 , 0 , 0 , 0 , 0 , 0 , 0 , 0 , 0 ,  ,  ,  ,  ,  ,  , 0.00 , 0.00 
,최성훈,20LP, 0.00 , 3 , 0 , 0 , 0 , 0 , 0 , 0 , 0 , 0 , 0 , 0 , 0 , 0 , 0 , 0 , 0 , 0 , 0 , 0 ,  ,  ,  ,  ,  ,  , 0.00 , 0.00 
,신재웅,20SP, 0.00 , 1 , 0 , 0 , 0 , 0 , 0 , 0 , 0 , 0 , 0 , 0 , 0 , 0 , 0 , 0 , 0 , 0 , 0 , 0 ,  ,  ,  ,  ,  ,  , 0.00 , 0.00 
,이대은,20KP, 0.00 , 2 , 0 , 0 , 0 , 0 , 0 , 0 , 0 , 0 , 0 , 0 , 0 , 0 , 0 , 0 , 0 , 0 , 0 , 0 ,  ,  ,  ,  ,  ,  , 0.00 , 0.00 
,김원중,20롯P, 0.00 , 3 , 0 , 0 , 0 , 0 , 0 , 0 , 0 , 0 , 0 , 0 , 0 , 0 , 0 , 0 , 0 , 0 , 0 , 0 ,  ,  ,  ,  ,  ,  , 0.00 , 0.00 
,오원석,20SP, 0.00 , 2 , 0 , 0 , 0 , 0 , 0 , 0 , 0 , 0 , 0 , 0 , 0 , 0 , 0 , 0 , 0 , 0 , 0 , 0 ,  ,  ,  ,  ,  ,  , 0.00 , 0.00 
,서동민,20SP, 0.00 , 3 , 0 , 0 , 0 , 0 , 0 , 0 , 0 , 0 , 0 , 0 , 0 , 0 , 0 , 0 , 0 , 0 , 0 , 0 ,  ,  ,  ,  ,  ,  , 0.00 , 0.00 
,배민서,20NP, 0.00 , 1 , 0 , 0 , 0 , 0 , 0 , 0 , 0 , 0 , 0 , 0 , 0 , 0 , 0 , 0 , 0 , 0 , 0 , 0 ,  ,  ,  ,  ,  ,  , 0.00 , 0.00 
,김재웅,20키P, 0.00 , 2 , 0 , 0 , 0 , 0 , 0 , 0 , 0 , 0 , 0 , 0 , 0 , 0 , 0 , 0 , 0 , 0 , 0 , 0 ,  ,  ,  ,  ,  ,  , 0.00 , 0.00 
,유원상,20KP, 0.00 , 1 , 0 , 0 , 0 , 0 , 0 , 0 , 0 , 0 , 0 , 0 , 0 , 0 , 0 , 0 , 0 , 0 , 0 , 0 ,  ,  ,  ,  ,  ,  , 0.00 , 0.00 
,남호,20LP, 0.00 , 1 , 0 , 0 , 0 , 0 , 0 , 0 , 0 , 0 , 0 , 0 , 0 , 0 , 0 , 0 , 0 , 0 , 0 , 0 ,  ,  ,  ,  ,  ,  , 0.00 , 0.00 
,이인복,20롯P, 0.00 , 2 , 0 , 0 , 0 , 0 , 0 , 0 , 0 , 0 , 0 , 0 , 0 , 0 , 0 , 0 , 0 , 0 , 0 , 0 ,  ,  ,  ,  ,  ,  , 0.00 , 0.00 
,송은범,20LP, 0.00 , 4 , 0 , 0 , 0 , 0 , 0 , 0 , 0 , 0 , 0 , 0 , 0 , 0 , 0 , 0 , 0 , 0 , 0 , 0 ,  ,  ,  ,  ,  ,  , 0.00 , 0.00 
,김민,20KP, 0.00 , 2 , 0 , 0 , 0 , 0 , 0 , 0 , 0 , 0 , 0 , 0 , 0 , 0 , 0 , 0 , 0 , 0 , 0 , 0 ,  ,  ,  ,  ,  ,  , 0.00 , 0.00 
,김주한,20SP, 0.00 , 1 , 0 , 0 , 0 , 0 , 0 , 0 , 0 , 0 , 0 , 0 , 0 , 0 , 0 , 0 , 0 , 0 , 0 , 0 ,  ,  ,  ,  ,  ,  , 0.00 , 0.00 
,안현준,20KP, 0.00 , 1 , 0 , 0 , 0 , 0 , 0 , 0 , 0 , 0 , 0 , 0 , 0 , 0 , 0 , 0 , 0 , 0 , 0 , 0 ,  ,  ,  ,  ,  ,  , 0.00 , 0.00 
,김단우,20LP, 0.00 , 1 , 0 , 0 , 0 , 0 , 0 , 0 , 0 , 0 , 0 , 0 , 0 , 0 , 0 , 0 , 0 , 0 , 0 , 0 ,  ,  ,  ,  ,  ,  , 0.00 , 0.00 
,김건태,20NP, 0.00 , 5 , 0 , 0 , 0 , 0 , 0 , 0 , 0 , 0 , 0 , 0 , 0 , 0 , 0 , 0 , 0 , 0 , 0 , 0 ,  ,  ,  ,  ,  ,  , 0.00 , 0.00 
,김성민,20키P, 0.00 , 3 , 0 , 0 , 0 , 0 , 0 , 0 , 0 , 0 , 0 , 0 , 0 , 0 , 0 , 0 , 0 , 0 , 0 , 0 ,  ,  ,  ,  ,  ,  , 0.00 , 0.00 
,김성훈,20KP, 0.00 , 1 , 0 , 0 , 0 , 0 , 0 , 0 , 0 , 0 , 0 , 0 , 0 , 0 , 0 , 0 , 0 , 0 , 0 , 0 ,  ,  ,  ,  ,  ,  , 0.00 , 0.00 
,김사윤,20SP, 0.00 , 4 , 0 , 0 , 0 , 0 , 0 , 0 , 0 , 0 , 0 , 0 , 0 , 0 , 0 , 0 , 0 , 0 , 0 , 0 ,  ,  ,  ,  ,  ,  , 0.00 , 0.00 
,전유수,20KP, 0.00 , 2 , 0 , 0 , 0 , 0 , 0 , 0 , 0 , 0 , 0 , 0 , 0 , 0 , 0 , 0 , 0 , 0 , 0 , 0 ,  ,  ,  ,  ,  ,  , 0.00 , 0.00 
,박민호,20SP, 0.00 , 4 , 0 , 0 , 0 , 0 , 0 , 0 , 0 , 0 , 0 , 0 , 0 , 0 , 0 , 0 , 0 , 0 , 0 , 0 ,  ,  ,  ,  ,  ,  , 0.00 , 0.00 
,양현,20키P, 0.00 , 1 , 0 , 0 , 0 , 0 , 0 , 0 , 0 , 0 , 0 , 0 , 0 , 0 , 0 , 0 , 0 , 0 , 0 , 0 ,  ,  ,  ,  ,  ,  , 0.00 , 0.00 
,류원석,20LP, 0.00 , 1 , 0 , 0 , 0 , 0 , 0 , 0 , 0 , 0 , 0 , 0 , 0 , 0 , 0 , 0 , 0 , 0 , 0 , 0 ,  ,  ,  ,  ,  ,  , 0.00 , 0.00 
,정영일,20SP, 0.00 , 1 , 0 , 0 , 0 , 0 , 0 , 0 , 0 , 0 , 0 , 0 , 0 , 0 , 0 , 0 , 0 , 0 , 0 , 0 ,  ,  ,  ,  ,  ,  , 0.00 , 0.00 
,배재환,20NP, 0.00 , 1 , 0 , 0 , 0 , 0 , 0 , 0 , 0 , 0 , 0 , 0 , 0 , 0 , 0 , 0 , 0 , 0 , 0 , 0 ,  ,  ,  ,  ,  ,  , 0.00 , 0.00 
,이우찬,20LP, 0.00 , 1 , 0 , 0 , 0 , 0 , 0 , 0 , 0 , 0 , 0 , 0 , 0 , 0 , 0 , 0 , 0 , 0 , 0 , 0 ,  ,  ,  ,  ,  ,  , 0.00 , 0.00 
,장현식,20NP, 0.00 , 1 , 0 , 0 , 0 , 0 , 0 , 0 , 0 , 0 , 0 , 0 , 0 , 0 , 0 , 0 , 0 , 0 , 0 , 0 ,  ,  ,  ,  ,  ,  , 0.00 , 0.00 
,서진용,20SP, 0.00 , 6 , 0 , 0 , 0 , 0 , 0 , 0 , 0 , 0 , 0 , 0 , 0 , 0 , 0 , 0 , 0 , 0 , 0 , 0 ,  ,  ,  ,  ,  ,  , 0.00 , 0.00 
,정우람,20한P, 0.00 , 1 , 0 , 0 , 0 , 0 , 0 , 0 , 0 , 0 , 0 , 0 , 0 , 0 , 0 , 0 , 0 , 0 , 0 , 0 ,  ,  ,  ,  ,  ,  , 0.00 , 0.00 
,송명기,20NP, 0.00 , 1 , 0 , 0 , 0 , 0 , 0 , 0 , 0 , 0 , 0 , 0 , 0 , 0 , 0 , 0 , 0 , 0 , 0 , 0 ,  ,  ,  ,  ,  ,  , 0.00 , 0.00 
,홍성무,20NP, 0.00 , 1 , 0 , 0 , 0 , 0 , 0 , 0 , 0 , 0 , 0 , 0 , 0 , 0 , 0 , 0 , 0 , 0 , 0 , 0 ,  ,  ,  ,  ,  ,  , 0.00 , 0.00 
,김진성,20NP, 0.00 , 2 , 0 , 0 , 0 , 0 , 0 , 0 , 0 , 0 , 0 , 0 , 0 , 0 , 0 , 0 , 0 , 0 , 0 , 0 ,  ,  ,  ,  ,  ,  , 0.00 , 0.00 
,윤정현,20키P, 0.00 , 2 , 0 , 0 , 0 , 0 , 0 , 0 , 0 , 0 , 0 , 0 , 0 , 0 , 0 , 0 , 0 , 0 , 0 , 0 ,  ,  ,  ,  ,  ,  , 0.00 , 0.00 
,김민수,20KP, 0.00 , 1 , 0 , 0 , 0 , 0 , 0 , 0 , 0 , 0 , 0 , 0 , 0 , 0 , 0 , 0 , 0 , 0 , 0 , 0 ,  ,  ,  ,  ,  ,  , 0.00 , 0.00 
,진명호,20롯P, 0.00 , 1 , 0 , 0 , 0 , 0 , 0 , 0 , 0 , 0 , 0 , 0 , 0 , 0 , 0 , 0 , 0 , 0 , 0 , 0 ,  ,  ,  ,  ,  ,  , 0.00 , 0.00 
,손정욱,20NP, 0.00 , 1 , 0 , 0 , 0 , 0 , 0 , 0 , 0 , 0 , 0 , 0 , 0 , 0 , 0 , 0 , 0 , 0 , 0 , 0 ,  ,  ,  ,  ,  ,  , 0.00 , 0.00 
,홍정우,20삼P, 0.00 , 1 , 0 , 0 , 0 , 0 , 0 , 0 , 0 , 0 , 0 , 0 , 0 , 0 , 0 , 0 , 0 , 0 , 0 , 0 ,  ,  ,  ,  ,  ,  , 0.00 , 0.00 
,장지훈,20삼P, 0.00 , 1 , 0 , 0 , 0 , 0 , 0 , 0 , 0 , 0 , 0 , 0 , 0 , 0 , 0 , 0 , 0 , 0 , 0 , 0 ,  ,  ,  ,  ,  ,  , 0.00 , 0.00 
,정우영,20LP, 0.00 , 2 , 0 , 0 , 0 , 0 , 0 , 0 , 0 , 0 , 0 , 0 , 0 , 0 , 0 , 0 , 0 , 0 , 0 , 0 ,  ,  ,  ,  ,  ,  , 0.00 , 0.00 
,양지율,20키P, 0.00 , 1 , 0 , 0 , 0 , 0 , 0 , 0 , 0 , 0 , 0 , 0 , 0 , 0 , 0 , 0 , 0 , 0 , 0 , 0 ,  ,  ,  ,  ,  ,  , 0.00 , 0.00 
,조성운,20키P, 0.00 , 4 , 0 , 0 , 0 , 0 , 0 , 0 , 0 , 0 , 0 , 0 , 0 , 0 , 0 , 0 , 0 , 0 , 0 , 0 ,  ,  ,  ,  ,  ,  , 0.00 , 0.00 
,양창섭,20삼P, 0.00 , 1 , 0 , 0 , 0 , 0 , 0 , 0 , 0 , 0 , 0 , 0 , 0 , 0 , 0 , 0 , 0 , 0 , 0 , 0 ,  ,  ,  ,  ,  ,  , 0.00 , 0.00 
,김주온,20SP, 0.00 , 2 , 0 , 0 , 0 , 0 , 0 , 0 , 0 , 0 , 0 , 0 , 0 , 0 , 0 , 0 , 0 , 0 , 0 , 0 ,  ,  ,  ,  ,  ,  , 0.00 , 0.00 
,김강률,20두P, 0.00 , 2 , 0 , 0 , 0 , 0 , 0 , 0 , 0 , 0 , 0 , 0 , 0 , 0 , 0 , 0 , 0 , 0 , 0 , 0 ,  ,  ,  ,  ,  ,  , 0.00 , 0.00 
,안우진,20키P, 0.00 , 1 , 0 , 0 , 0 , 0 , 0 , 0 , 0 , 0 , 0 , 0 , 0 , 0 , 0 , 0 , 0 , 0 , 0 , 0 ,  ,  ,  ,  ,  ,  , 0.00 , 0.00 
,이보근,20KP, 0.00 , 1 , 0 , 0 , 0 , 0 , 0 , 0 , 0 , 0 , 0 , 0 , 0 , 0 , 0 , 0 , 0 , 0 , 0 , 0 ,  ,  ,  ,  ,  ,  , 0.00 , 0.00 
,함덕주,20두P, 0.00 , 2 , 0 , 0 , 0 , 0 , 0 , 0 , 0 , 0 , 0 , 0 , 0 , 0 , 0 , 0 , 0 , 0 , 0 , 0 ,  ,  ,  ,  ,  ,  , 0.00 , 0.00 
,강동연,20NP, 0.00 , 3 , 0 , 0 , 0 , 0 , 0 , 0 , 0 , 0 , 0 , 0 , 0 , 0 , 0 , 0 , 0 , 0 , 0 , 0 ,  ,  ,  ,  ,  ,  , 0.00 , 0.00 
,김대우,20삼P, 0.00 , 1 , 0 , 0 , 0 , 0 , 0 , 0 , 0 , 0 , 0 , 0 , 0 , 0 , 0 , 0 , 0 , 0 , 0 , 0 ,  ,  ,  ,  ,  ,  , 0.00 , 0.00 
,오현택,20롯P, 0.00 , 1 , 0 , 0 , 0 , 0 , 0 , 0 , 0 , 0 , 0 , 0 , 0 , 0 , 0 , 0 , 0 , 0 , 0 , 0 ,  ,  ,  ,  ,  ,  , 0.00 , 0.00 
,이찬혁,20LP, 0.00 , 1 , 0 , 0 , 0 , 0 , 0 , 0 , 0 , 0 , 0 , 0 , 0 , 0 , 0 , 0 , 0 , 0 , 0 , 0 ,  ,  ,  ,  ,  ,  , 0.00 , 0.00 
,조이현,20SP, 0.00 , 1 , 0 , 0 , 0 , 0 , 0 , 0 , 0 , 0 , 0 , 0 , 0 , 0 , 0 , 0 , 0 , 0 , 0 , 0 ,  ,  ,  ,  ,  ,  , 0.00 , 0.00 
,이영하,20두P, 0.00 , 1 , 0 , 0 , 0 , 0 , 0 , 0 , 0 , 0 , 0 , 0 , 0 , 0 , 0 , 0 , 0 , 0 , 0 , 0 ,  ,  ,  ,  ,  ,  , 0.00 , 0.00 
,김대우,20롯P, 0.00 , 1 , 0 , 0 , 0 , 0 , 0 , 0 , 0 , 0 , 0 , 0 , 0 , 0 , 0 , 0 , 0 , 0 , 0 , 0 ,  ,  ,  ,  ,  ,  , 0.00 , 0.00 
,김태훈,20SP, 0.00 , 2 , 0 , 0 , 0 , 0 , 0 , 0 , 0 , 0 , 0 , 0 , 0 , 0 , 0 , 0 , 0 , 0 , 0 , 0 ,  ,  ,  ,  ,  ,  , 0.00 , 0.00 
,김동혁,20키P, 0.00 , 1 , 0 , 0 , 0 , 0 , 0 , 0 , 0 , 0 , 0 , 0 , 0 , 0 , 0 , 0 , 0 , 0 , 0 , 0 ,  ,  ,  ,  ,  ,  , 0.00 , 0.00 
,구승민,20롯P, 0.00 , 1 , 0 , 0 , 0 , 0 , 0 , 0 , 0 , 0 , 0 , 0 , 0 , 0 , 0 , 0 , 0 , 0 , 0 , 0 ,  ,  ,  ,  ,  ,  , 0.00 , 0.00 
,백청훈,20LP, 0.00 , 1 , 0 , 0 , 0 , 0 , 0 , 0 , 0 , 0 , 0 , 0 , 0 , 0 , 0 , 0 , 0 , 0 , 0 , 0 ,  ,  ,  ,  ,  ,  , 0.00 , 0.00 
,이형범,20두P, 0.00 , 1 , 0 , 0 , 0 , 0 , 0 , 0 , 0 , 0 , 0 , 0 , 0 , 0 , 0 , 0 , 0 , 0 , 0 , 0 ,  ,  ,  ,  ,  ,  , 0.00 , 0.00 
,최동환,20LP, 0.00 , 3 , 0 , 0 , 0 , 0 , 0 , 0 , 0 , 0 , 0 , 0 , 0 , 0 , 0 , 0 , 0 , 0 , 0 , 0 ,  ,  ,  ,  ,  ,  , 0.00 , 0.00 
,고효준,20롯P, 0.00 , 1 , 0 , 0 , 0 , 0 , 0 , 0 , 0 , 0 , 0 , 0 , 0 , 0 , 0 , 0 , 0 , 0 , 0 , 0 ,  ,  ,  ,  ,  ,  , 0.00 , 0.00 
,하재훈,20SP, 0.00 , 1 , 0 , 0 , 0 , 0 , 0 , 0 , 0 , 0 , 0 , 0 , 0 , 0 , 0 , 0 , 0 , 0 , 0 , 0 ,  ,  ,  ,  ,  ,  , 0.00 , 0.00 
,윤명준,20두P, 0.00 , 1 , 0 , 0 , 0 , 0 , 0 , 0 , 0 , 0 , 0 , 0 , 0 , 0 , 0 , 0 , 0 , 0 , 0 , 0 ,  ,  ,  ,  ,  ,  , 0.00 , 0.00 
,류희운,20KP, 0.00 , 1 , 0 , 0 , 0 , 0 , 0 , 0 , 0 , 0 , 0 , 0 , 0 , 0 , 0 , 0 , 0 , 0 , 0 , 0 ,  ,  ,  ,  ,  ,  , 0.00 , 0.00 
,홍건희,20두P, 0.00 , 1 , 0 , 0 , 0 , 0 , 0 , 0 , 0 , 0 , 0 , 0 , 0 , 0 , 0 , 0 , 0 , 0 , 0 , 0 ,  ,  ,  ,  ,  ,  , 0.00 , 0.00 
,이상화,20KP, 0.00 , 1 , 0 , 0 , 0 , 0 , 0 , 0 , 0 , 0 , 0 , 0 , 0 , 0 , 0 , 0 , 0 , 0 , 0 , 0 ,  ,  ,  ,  ,  ,  , 0.00 , 0.00 
,이창재,20KP, 0.00 , 1 , 0 , 0 , 0 , 0 , 0 , 0 , 0 , 0 , 0 , 0 , 0 , 0 , 0 , 0 , 0 , 0 , 0 , 0 ,  ,  ,  ,  ,  ,  , 0.00 , 0.00 
248,김현준,20K, -0.00 , 1 , 0 , 0 , 0 , 0 , 0 , 0 , 0 , 0 , 0 , 0 , 0 , 0 , 0 , 0 , 0 , 0 , 0 , 0 ,  ,  ,  ,  ,  ,  , -0.00 , 0.02 
249,한석현,20LRF, -0.00 , 9 , 3 , 2 , 3 , 0 , 0 , 0 , 0 , 0 , 0 , 1 , 0 , 1 , 0 , 0 , 1 , 0 , 0 , 0 , .000 , .333 , .000 , .333 , .244 , 37.1 , -0.00 , -0.00 
250,박지규,20L2B, -0.00 , 4 , 0 , 0 , 0 , 0 , 0 , 0 , 0 , 0 , 0 , 0 , 0 , 0 , 0 , 0 , 0 , 0 , 0 , 0 ,  ,  ,  ,  ,  ,  , -0.00 , 0.00 
251,박정음,20키CF, -0.00 , 86 , 47 , 43 , 20 , 8 , 0 , 1 , 0 , 10 , 2 , 9 , 1 , 2 , 2 , 0 , 14 , 0 , 0 , 0 , .186 , .255 , .233 , .488 , .238 , 28.9 , -0.00 , -0.14 
252,백동훈,20두RF, -0.00 , 27 , 19 , 16 , 5 , 3 , 1 , 0 , 0 , 4 , 0 , 0 , 0 , 1 , 2 , 0 , 4 , 0 , 0 , 0 , .188 , .316 , .250 , .566 , .286 , 64.3 , -0.00 , -0.41 
253,이성우,20LC, -0.00 , 72 , 88 , 77 , 7 , 18 , 1 , 0 , 3 , 28 , 11 , 0 , 0 , 6 , 0 , 0 , 14 , 3 , 5 , 0 , .234 , .289 , .364 , .653 , .282 , 64.4 , -0.00 , -0.28 
254,이승민,20두C, -0.01 , 3 , 1 , 1 , 1 , 0 , 0 , 0 , 0 , 0 , 0 , 0 , 0 , 0 , 0 , 0 , 1 , 0 , 0 , 0 , .000 , .000 , .000 , .000 , .000 ,  , -0.01 , -0.00 
255,박재욱,20LC, -0.01 , 15 , 17 , 15 , 0 , 4 , 0 , 0 , 0 , 4 , 1 , 0 , 0 , 0 , 1 , 0 , 4 , 2 , 1 , 0 , .267 , .313 , .267 , .579 , .266 , 49.2 , -0.01 , -0.22 
256,전민수,20LRF, -0.01 , 4 , 6 , 5 , 0 , 1 , 0 , 0 , 0 , 1 , 0 , 0 , 0 , 1 , 0 , 0 , 2 , 0 , 0 , 0 , .200 , .333 , .200 , .533 , .279 , 57.8 , -0.01 , -0.11 
257,박지훈,20두, -0.01 , 9 , 2 , 2 , 1 , 0 , 0 , 0 , 0 , 0 , 0 , 0 , 0 , 0 , 0 , 0 , 2 , 0 , 0 , 0 , .000 , .000 , .000 , .000 , .000 ,  , -0.01 , -0.00 
258,윤수강,20NC, -0.01 , 4 , 4 , 4 , 0 , 1 , 0 , 0 , 0 , 1 , 0 , 0 , 0 , 0 , 0 , 0 , 2 , 0 , 0 , 0 , .250 , .250 , .250 , .500 , .235 , 29.8 , -0.01 , 0.00 
259,조수행,20두RF, -0.02 , 44 , 40 , 38 , 12 , 10 , 0 , 0 , 0 , 10 , 4 , 3 , 2 , 2 , 0 , 0 , 6 , 0 , 0 , 0 , .263 , .300 , .263 , .563 , .272 , 52.5 , -0.02 , 0.14 
260,정주후,20K2B, -0.02 , 10 , 2 , 1 , 3 , 0 , 0 , 0 , 0 , 0 , 0 , 0 , 1 , 1 , 0 , 0 , 0 , 0 , 0 , 0 , .000 , .500 , .000 , .500 , .367 , 116.6 , -0.02 , -0.07 
261,류효승,20SDH, -0.02 , 8 , 9 , 8 , 2 , 1 , 0 , 0 , 1 , 4 , 2 , 0 , 0 , 1 , 0 , 0 , 4 , 0 , 0 , 0 , .125 , .222 , .500 , .722 , .300 , 62.8 , -0.02 , -0.05 
262,문찬종,20키SS, -0.02 , 5 , 1 , 1 , 0 , 0 , 0 , 0 , 0 , 0 , 0 , 0 , 0 , 0 , 0 , 0 , 0 , 0 , 0 , 0 , .000 , .000 , .000 , .000 , .000 , -126.0 , -0.02 , 0.00 
263,박시원,20N, -0.02 , 1 , 1 , 1 , 0 , 0 , 0 , 0 , 0 , 0 , 0 , 0 , 0 , 0 , 0 , 0 , 0 , 0 , 0 , 0 , .000 , .000 , .000 , .000 , .000 , -126.0 , -0.02 , -0.00 
264,라이블리,20삼, -0.02 , 1 , 1 , 1 , 0 , 0 , 0 , 0 , 0 , 0 , 0 , 0 , 0 , 0 , 0 , 0 , 0 , 0 , 0 , 0 , .000 , .000 , .000 , .000 , .000 , -126.0 , -0.02 , -0.00 
265,지석훈,20N3B, -0.03 , 87 , 142 , 121 , 22 , 25 , 8 , 0 , 1 , 36 , 12 , 1 , 0 , 15 , 2 , 0 , 33 , 4 , 2 , 2 , .207 , .300 , .298 , .598 , .281 , 57.8 , -0.03 , -0.86 
266,김강현,20롯C, -0.03 , 5 , 4 , 3 , 0 , 0 , 0 , 0 , 0 , 0 , 0 , 0 , 0 , 1 , 0 , 0 , 2 , 0 , 0 , 0 , .000 , .250 , .000 , .250 , .183 , -5.1 , -0.03 , -0.00 
267,도태훈,20N3B, -0.04 , 11 , 13 , 11 , 0 , 2 , 0 , 0 , 0 , 2 , 1 , 0 , 0 , 2 , 0 , 0 , 3 , 0 , 0 , 0 , .182 , .308 , .182 , .490 , .258 , 43.5 , -0.04 , -0.18 
268,문상인,20KC, -0.04 , 3 , 2 , 2 , 0 , 0 , 0 , 0 , 0 , 0 , 0 , 0 , 0 , 0 , 0 , 0 , 1 , 0 , 0 , 0 , .000 , .000 , .000 , .000 , .000 , -126.0 , -0.04 , -0.03 
269,최정민,20K2B, -0.04 , 24 , 10 , 8 , 12 , 1 , 0 , 0 , 0 , 1 , 2 , 1 , 0 , 2 , 0 , 0 , 1 , 0 , 0 , 0 , .125 , .300 , .125 , .425 , .241 , 31.3 , -0.04 , -0.12 
270,김재현,20삼SS, -0.05 , 35 , 18 , 14 , 4 , 2 , 0 , 0 , 0 , 2 , 4 , 0 , 0 , 3 , 0 , 0 , 3 , 1 , 1 , 0 , .143 , .294 , .143 , .437 , .227 , 23.3 , -0.05 , -0.01 
271,박준혁,20KRF, -0.05 , 12 , 2 , 2 , 2 , 0 , 0 , 0 , 0 , 0 , 0 , 0 , 0 , 0 , 0 , 0 , 1 , 0 , 0 , 0 , .000 , .000 , .000 , .000 , .000 , -126.0 , -0.05 , -0.00 
272,김용의,20L1B, -0.05 , 101 , 75 , 70 , 28 , 19 , 1 , 1 , 1 , 25 , 12 , 7 , 3 , 3 , 0 , 0 , 15 , 2 , 1 , 1 , .271 , .297 , .357 , .654 , .295 , 69.6 , -0.05 , 0.06 
273,이호연,20롯1B, -0.06 , 1 , 2 , 2 , 0 , 0 , 0 , 0 , 0 , 0 , 0 , 0 , 0 , 0 , 0 , 0 , 1 , 0 , 0 , 0 , .000 , .000 , .000 , .000 , .000 , -126.0 , -0.06 , -0.00 
274,이거연,20SDH, -0.06 , 8 , 10 , 8 , 1 , 1 , 0 , 0 , 0 , 1 , 0 , 0 , 0 , 2 , 0 , 0 , 6 , 0 , 0 , 0 , .125 , .300 , .125 , .425 , .241 , 31.3 , -0.06 , 0.02 
275,화이트,20SDH, -0.06 , 9 , 30 , 22 , 3 , 3 , 1 , 0 , 1 , 7 , 4 , 0 , 0 , 6 , 2 , 0 , 1 , 0 , 0 , 0 , .136 , .367 , .318 , .685 , .337 , 92.6 , -0.06 , 0.02 
276,양성우,20한LF, -0.07 , 5 , 9 , 9 , 1 , 2 , 0 , 0 , 0 , 2 , 0 , 0 , 0 , 0 , 0 , 0 , 3 , 0 , 0 , 0 , .222 , .222 , .222 , .444 , .209 , 14.1 , -0.07 , -0.06 
277,김재현,20키C, -0.07 , 4 , 3 , 3 , 0 , 0 , 0 , 0 , 0 , 0 , 0 , 0 , 0 , 0 , 0 , 0 , 2 , 0 , 0 , 0 , .000 , .000 , .000 , .000 , .000 , -126.0 , -0.07 , -0.01 
278,권민석,20두3B, -0.07 , 55 , 57 , 50 , 6 , 13 , 2 , 0 , 0 , 15 , 7 , 1 , 0 , 3 , 0 , 0 , 15 , 0 , 2 , 2 , .260 , .291 , .300 , .591 , .266 , 49.2 , -0.07 , -0.45 
279,유영준,20N2B, -0.07 , 4 , 3 , 3 , 0 , 0 , 0 , 0 , 0 , 0 , 0 , 0 , 0 , 0 , 0 , 0 , 0 , 0 , 0 , 0 , .000 , .000 , .000 , .000 , .000 , -126.0 , -0.07 , -0.07 
280,조한민,20한SS, -0.07 , 25 , 52 , 50 , 7 , 11 , 4 , 0 , 0 , 15 , 2 , 0 , 0 , 0 , 2 , 0 , 22 , 0 , 0 , 0 , .220 , .250 , .300 , .550 , .255 , 43.5 , -0.07 , -0.25 
281,이도윤,20한SS, -0.08 , 14 , 25 , 24 , 3 , 5 , 1 , 0 , 0 , 6 , 1 , 0 , 0 , 1 , 0 , 0 , 6 , 0 , 0 , 0 , .208 , .240 , .250 , .490 , .232 , 27.7 , -0.08 , -0.20 
282,고장혁,20K3B, -0.08 , 7 , 13 , 13 , 0 , 3 , 0 , 0 , 0 , 3 , 0 , 0 , 0 , 0 , 0 , 0 , 5 , 0 , 0 , 0 , .231 , .231 , .231 , .462 , .217 , 14.5 , -0.08 , -0.22 
283,김태훈,20KDH, -0.08 , 2 , 3 , 3 , 0 , 0 , 0 , 0 , 0 , 0 , 0 , 0 , 0 , 0 , 0 , 0 , 1 , 0 , 0 , 0 , .000 , .000 , .000 , .000 , .000 , -126.0 , -0.08 , -0.00 
284,김도환,20삼C, -0.08 , 34 , 49 , 41 , 2 , 9 , 2 , 0 , 0 , 11 , 9 , 0 , 0 , 5 , 0 , 0 , 16 , 0 , 1 , 2 , .220 , .292 , .268 , .560 , .262 , 46.9 , -0.08 , -0.32 
285,최진행,20한DH, -0.08 , 84 , 240 , 214 , 23 , 50 , 5 , 0 , 8 , 79 , 30 , 0 , 0 , 18 , 5 , 0 , 59 , 11 , 0 , 3 , .234 , .304 , .369 , .673 , .309 , 78.1 , -0.08 , -0.59 
286,백승현,20L3B, -0.09 , 27 , 39 , 28 , 5 , 7 , 1 , 0 , 0 , 8 , 2 , 0 , 0 , 4 , 1 , 0 , 8 , 0 , 6 , 0 , .250 , .364 , .286 , .649 , .273 , 54.4 , -0.09 , -0.17 
287,심우준,20KSS, -0.09 , 144 , 535 , 476 , 58 , 112 , 16 , 3 , 3 , 143 , 51 , 35 , 11 , 37 , 2 , 0 , 98 , 7 , 16 , 4 , .235 , .291 , .300 , .591 , .271 , 50.2 , -0.09 , -2.65 
288,황윤호,20K3B, -0.09 , 25 , 73 , 70 , 5 , 17 , 3 , 0 , 0 , 20 , 5 , 2 , 0 , 3 , 0 , 0 , 10 , 3 , 0 , 0 , .243 , .274 , .286 , .560 , .264 , 46.3 , -0.09 , -1.18 
289,이원재,20N1B, -0.09 , 73 , 146 , 132 , 15 , 34 , 5 , 2 , 4 , 55 , 17 , 1 , 0 , 11 , 0 , 1 , 26 , 3 , 2 , 1 , .258 , .313 , .417 , .729 , .321 , 82.5 , -0.09 , -0.45 
290,오준혁,20SLF, -0.09 , 70 , 161 , 148 , 19 , 40 , 7 , 0 , 3 , 56 , 18 , 0 , 3 , 11 , 1 , 1 , 34 , 1 , 0 , 1 , .270 , .323 , .378 , .701 , .320 , 83.7 , -0.09 , 0.08 
291,김준완,20NRF, -0.10 , 45 , 75 , 65 , 8 , 14 , 1 , 0 , 1 , 18 , 5 , 0 , 0 , 10 , 0 , 0 , 9 , 3 , 0 , 0 , .215 , .320 , .277 , .597 , .292 , 65.2 , -0.10 , -0.29 
292,이정훈,20KC, -0.10 , 3 , 4 , 4 , 0 , 0 , 0 , 0 , 0 , 0 , 0 , 0 , 0 , 0 , 0 , 0 , 2 , 0 , 0 , 0 , .000 , .000 , .000 , .000 , .000 , -126.0 , -0.10 , -0.06 
293,박상언,20한C, -0.10 , 38 , 47 , 46 , 4 , 10 , 3 , 0 , 0 , 13 , 2 , 0 , 0 , 0 , 1 , 0 , 16 , 1 , 0 , 0 , .217 , .234 , .283 , .517 , .239 , 32.6 , -0.10 , -0.28 
294,정근우,20L2B, -0.10 , 72 , 177 , 154 , 23 , 37 , 4 , 0 , 1 , 44 , 14 , 7 , 2 , 17 , 2 , 1 , 23 , 4 , 3 , 1 , .240 , .322 , .286 , .608 , .287 , 64.4 , -0.10 , 0.10 
295,김성표,20삼CF, -0.10 , 15 , 8 , 8 , 1 , 1 , 0 , 0 , 0 , 1 , 0 , 1 , 0 , 0 , 0 , 0 , 2 , 0 , 0 , 0 , .125 , .125 , .125 , .250 , .118 , -48.0 , -0.10 , 0.03 
296,오명진,20두, -0.10 , 5 , 4 , 4 , 0 , 0 , 0 , 0 , 0 , 0 , 0 , 0 , 0 , 0 , 0 , 0 , 1 , 0 , 0 , 0 , .000 , .000 , .000 , .000 , .000 , -126.0 , -0.10 , -0.26 
297,김회성,20한1B, -0.10 , 15 , 25 , 18 , 1 , 3 , 1 , 0 , 0 , 4 , 1 , 0 , 0 , 3 , 1 , 0 , 6 , 2 , 2 , 1 , .167 , .304 , .222 , .527 , .245 , 35.9 , -0.10 , -0.22 
298,정기훈,20한3B, -0.12 , 29 , 36 , 31 , 9 , 5 , 2 , 0 , 0 , 7 , 2 , 0 , 1 , 3 , 2 , 0 , 15 , 0 , 0 , 0 , .161 , .278 , .226 , .504 , .254 , 41.7 , -0.12 , -0.34 
299,김민수,20삼C, -0.12 , 17 , 26 , 23 , 3 , 4 , 0 , 0 , 0 , 4 , 1 , 0 , 0 , 2 , 0 , 0 , 6 , 0 , 1 , 0 , .174 , .240 , .174 , .414 , .201 , 7.0 , -0.12 , -0.23 
300,김수환,20키1B, -0.13 , 9 , 12 , 11 , 1 , 2 , 1 , 0 , 0 , 3 , 2 , 0 , 0 , 1 , 0 , 0 , 5 , 1 , 0 , 0 , .182 , .250 , .273 , .523 , .247 , 37.2 , -0.13 , -0.45 
301,백승민,20삼1B, -0.13 , 7 , 12 , 9 , 0 , 0 , 0 , 0 , 0 , 0 , 1 , 0 , 0 , 1 , 2 , 0 , 2 , 0 , 0 , 0 , .000 , .250 , .000 , .250 , .188 , -4.1 , -0.13 , 0.02 
302,오선진,20한SS, -0.13 , 93 , 222 , 197 , 17 , 46 , 4 , 0 , 2 , 56 , 17 , 0 , 1 , 16 , 3 , 0 , 39 , 10 , 6 , 0 , .234 , .301 , .284 , .585 , .274 , 55.6 , -0.13 , -1.03 
303,김성욱,20NRF, -0.14 , 104 , 225 , 195 , 32 , 43 , 4 , 1 , 8 , 73 , 26 , 12 , 5 , 17 , 4 , 0 , 40 , 0 , 7 , 2 , .221 , .294 , .374 , .668 , .295 , 65.5 , -0.14 , -0.13 
304,주효상,20키C, -0.14 , 63 , 101 , 84 , 6 , 16 , 4 , 0 , 0 , 20 , 7 , 0 , 0 , 13 , 0 , 0 , 26 , 0 , 3 , 1 , .190 , .296 , .238 , .534 , .257 , 43.7 , -0.14 , 0.07 
305,국해성,20두RF, -0.14 , 46 , 94 , 86 , 10 , 20 , 1 , 0 , 3 , 30 , 17 , 1 , 1 , 6 , 1 , 2 , 21 , 2 , 0 , 1 , .233 , .287 , .349 , .636 , .282 , 64.4 , -0.14 , -0.04 
306,박찬도,20삼LF, -0.15 , 51 , 116 , 96 , 20 , 21 , 5 , 0 , 1 , 29 , 8 , 5 , 1 , 15 , 1 , 1 , 22 , 2 , 2 , 2 , .219 , .325 , .302 , .627 , .292 , 65.2 , -0.15 , -0.62 
307,김민준,20SLF, -0.15 , 12 , 5 , 4 , 4 , 0 , 0 , 0 , 0 , 0 , 0 , 1 , 1 , 0 , 0 , 0 , 1 , 0 , 1 , 0 , .000 , .000 , .000 , .000 , .000 , -126.0 , -0.15 , 0.12 
308,최재원,20LCF, -0.15 , 6 , 6 , 6 , 0 , 0 , 0 , 0 , 0 , 0 , 0 , 0 , 0 , 0 , 0 , 0 , 4 , 1 , 0 , 0 , .000 , .000 , .000 , .000 , .000 , -126.0 , -0.15 , -0.07 
309,박주홍,20키DH, -0.16 , 13 , 25 , 24 , 0 , 6 , 2 , 0 , 0 , 8 , 1 , 0 , 1 , 1 , 0 , 0 , 10 , 0 , 0 , 0 , .250 , .280 , .333 , .613 , .283 , 60.9 , -0.16 , -0.15 
310,김민혁,20KLF, -0.16 , 108 , 249 , 222 , 35 , 53 , 5 , 2 , 5 , 77 , 25 , 8 , 4 , 22 , 2 , 0 , 42 , 4 , 2 , 1 , .239 , .312 , .347 , .659 , .304 , 73.1 , -0.16 , 0.86 
311,장운호,20한RF, -0.16 , 24 , 29 , 27 , 5 , 4 , 1 , 0 , 1 , 8 , 4 , 0 , 0 , 2 , 0 , 0 , 9 , 0 , 0 , 0 , .148 , .207 , .296 , .503 , .228 , 24.0 , -0.16 , 0.06 
312,김지수,20한LF, -0.17 , 14 , 26 , 25 , 2 , 4 , 0 , 0 , 1 , 7 , 4 , 0 , 0 , 1 , 0 , 0 , 7 , 0 , 0 , 0 , .160 , .192 , .280 , .472 , .213 , 14.6 , -0.17 , -0.15 
313,박한결,20한SS, -0.17 , 13 , 24 , 20 , 5 , 3 , 0 , 0 , 0 , 3 , 1 , 0 , 0 , 2 , 0 , 0 , 8 , 2 , 2 , 0 , .150 , .227 , .150 , .377 , .179 , -7.3 , -0.17 , -0.44 
314,이홍구,20SKC, -0.17 , 49 , 96 , 84 , 5 , 16 , 2 , 0 , 3 , 27 , 8 , 0 , 0 , 6 , 3 , 0 , 26 , 3 , 2 , 1 , .190 , .266 , .321 , .587 , .266 , 47.1 , -0.17 , -0.55 
315,김병희,20K3B, -0.18 , 29 , 22 , 21 , 4 , 3 , 0 , 0 , 1 , 6 , 2 , 0 , 0 , 0 , 0 , 0 , 7 , 0 , 0 , 1 , .143 , .136 , .286 , .422 , .175 , -10.9 , -0.18 , -0.19 
316,최준우,20S2B, -0.18 , 66 , 207 , 182 , 23 , 43 , 4 , 0 , 3 , 56 , 14 , 1 , 1 , 19 , 0 , 0 , 28 , 3 , 5 , 1 , .236 , .307 , .308 , .615 , .285 , 60.3 , -0.18 , -0.59 
317,박준영,20NSS, -0.18 , 32 , 51 , 46 , 4 , 7 , 4 , 0 , 0 , 11 , 3 , 1 , 0 , 2 , 3 , 0 , 17 , 2 , 0 , 0 , .152 , .235 , .239 , .474 , .230 , 24.6 , -0.18 , -0.25 
318,송광민,20한3B, -0.19 , 94 , 298 , 277 , 31 , 65 , 12 , 0 , 9 , 104 , 43 , 0 , 0 , 14 , 3 , 1 , 69 , 17 , 1 , 3 , .235 , .276 , .375 , .652 , .291 , 66.5 , -0.19 , -1.29 
319,김재현,20SLF, -0.19 , 8 , 14 , 14 , 3 , 2 , 0 , 0 , 0 , 2 , 0 , 0 , 0 , 0 , 0 , 0 , 4 , 0 , 0 , 0 , .143 , .143 , .143 , .286 , .135 , -37.6 , -0.19 , -0.06 
320,송우현,20키RF, -0.20 , 14 , 15 , 12 , 3 , 0 , 0 , 0 , 0 , 0 , 0 , 0 , 0 , 2 , 1 , 0 , 4 , 0 , 0 , 0 , .000 , .200 , .000 , .200 , .149 , -28.5 , -0.20 , -0.16 
321,문선재,20KRF, -0.20 , 15 , 6 , 6 , 1 , 1 , 0 , 0 , 0 , 1 , 0 , 0 , 0 , 0 , 0 , 0 , 2 , 0 , 0 , 0 , .167 , .167 , .167 , .333 , .157 , -24.3 , -0.20 , -0.06 
322,이택근,20키LF, -0.21 , 20 , 64 , 57 , 5 , 11 , 5 , 0 , 0 , 16 , 7 , 0 , 0 , 7 , 0 , 0 , 21 , 1 , 0 , 0 , .193 , .281 , .281 , .562 , .269 , 51.6 , -0.21 , -0.11 
323,채현우,20SLF, -0.21 , 16 , 24 , 23 , 2 , 3 , 1 , 0 , 0 , 4 , 0 , 3 , 0 , 1 , 0 , 0 , 8 , 2 , 0 , 0 , .130 , .167 , .174 , .341 , .163 , -18.7 , -0.21 , -0.13 
324,서호철,20N3B, -0.21 , 2 , 8 , 8 , 0 , 0 , 0 , 0 , 0 , 0 , 0 , 0 , 0 , 0 , 0 , 0 , 2 , 0 , 0 , 0 , .000 , .000 , .000 , .000 , .000 , -126.0 , -0.21 , -0.05 
325,장진혁,20한RF, -0.21 , 19 , 37 , 32 , 2 , 5 , 0 , 1 , 0 , 7 , 1 , 2 , 1 , 5 , 0 , 0 , 6 , 0 , 0 , 0 , .156 , .270 , .219 , .489 , .244 , 36.7 , -0.21 , -0.21 
326,김경호,20SLF, -0.21 , 56 , 110 , 105 , 17 , 30 , 3 , 1 , 0 , 35 , 9 , 1 , 4 , 3 , 0 , 0 , 16 , 2 , 1 , 1 , .286 , .303 , .333 , .636 , .292 , 67.2 , -0.21 , -0.88 
327,추재현,20롯CF, -0.22 , 13 , 28 , 24 , 3 , 3 , 0 , 0 , 0 , 3 , 0 , 0 , 0 , 4 , 0 , 0 , 8 , 0 , 0 , 0 , .125 , .250 , .125 , .375 , .206 , 9.1 , -0.22 , -0.30 
328,배성근,20롯SS, -0.22 , 4 , 7 , 7 , 0 , 0 , 0 , 0 , 0 , 0 , 0 , 0 , 1 , 0 , 0 , 0 , 2 , 0 , 0 , 0 , .000 , .000 , .000 , .000 , .000 , -126.0 , -0.22 , -0.18 
329,이우성,20KLF, -0.22 , 48 , 67 , 59 , 5 , 12 , 1 , 0 , 0 , 13 , 3 , 1 , 0 , 6 , 2 , 0 , 11 , 2 , 0 , 0 , .203 , .299 , .220 , .519 , .262 , 45.2 , -0.22 , -0.31 
330,정진기,20SRF, -0.22 , 50 , 140 , 126 , 14 , 30 , 2 , 2 , 2 , 42 , 15 , 7 , 1 , 7 , 1 , 1 , 34 , 2 , 4 , 2 , .238 , .279 , .333 , .613 , .270 , 51.2 , -0.22 , -0.03 
331,김응민,20삼C, -0.23 , 45 , 85 , 76 , 7 , 17 , 1 , 0 , 0 , 18 , 5 , 0 , 0 , 5 , 1 , 0 , 22 , 1 , 3 , 0 , .224 , .281 , .237 , .517 , .245 , 35.6 , -0.23 , 0.05 
332,송민섭,20KRF, -0.24 , 114 , 51 , 41 , 21 , 8 , 1 , 1 , 1 , 14 , 5 , 4 , 3 , 5 , 1 , 0 , 13 , 0 , 3 , 1 , .195 , .292 , .341 , .633 , .274 , 54.1 , -0.24 , -0.06 
333,김동한,20롯3B, -0.24 , 82 , 73 , 68 , 23 , 15 , 5 , 0 , 0 , 20 , 5 , 10 , 4 , 5 , 0 , 0 , 8 , 2 , 0 , 0 , .221 , .274 , .294 , .568 , .268 , 47.6 , -0.24 , -0.64 
334,천성호,20K2B, -0.25 , 66 , 77 , 69 , 9 , 14 , 3 , 0 , 0 , 17 , 1 , 1 , 1 , 7 , 1 , 0 , 15 , 0 , 0 , 0 , .203 , .286 , .246 , .532 , .261 , 44.2 , -0.25 , -0.41 
335,노태형,20한2B, -0.27 , 55 , 113 , 102 , 14 , 22 , 4 , 1 , 0 , 28 , 6 , 0 , 1 , 7 , 3 , 0 , 31 , 0 , 1 , 0 , .216 , .286 , .275 , .560 , .267 , 51.6 , -0.27 , -0.28 
336,장영석,20K3B, -0.29 , 11 , 37 , 31 , 1 , 4 , 0 , 0 , 0 , 4 , 2 , 0 , 0 , 4 , 1 , 0 , 7 , 3 , 0 , 1 , .129 , .243 , .129 , .372 , .202 , 5.5 , -0.29 , -0.58 
337,양우현,20삼2B, -0.30 , 7 , 24 , 23 , 0 , 3 , 0 , 0 , 0 , 3 , 0 , 0 , 0 , 1 , 0 , 0 , 5 , 1 , 0 , 0 , .130 , .167 , .130 , .297 , .148 , -28.0 , -0.30 , -0.33 
338,김헌곤,20삼RF, -0.31 , 97 , 283 , 254 , 26 , 63 , 8 , 0 , 3 , 80 , 34 , 7 , 5 , 22 , 3 , 0 , 31 , 7 , 1 , 3 , .248 , .312 , .315 , .627 , .295 , 67.7 , -0.31 , -1.15 
339,임종찬,20한RF, -0.33 , 52 , 119 , 108 , 5 , 25 , 5 , 0 , 1 , 33 , 12 , 0 , 1 , 9 , 1 , 0 , 38 , 2 , 1 , 0 , .231 , .297 , .306 , .602 , .283 , 61.5 , -0.33 , -0.49 
340,안권수,20두RF, -0.33 , 68 , 41 , 37 , 10 , 10 , 0 , 0 , 0 , 10 , 3 , 2 , 1 , 2 , 0 , 0 , 5 , 1 , 1 , 1 , .270 , .300 , .270 , .570 , .265 , 48.2 , -0.33 , -0.21 
341,홍종표,20K2B, -0.34 , 40 , 88 , 80 , 7 , 20 , 3 , 0 , 0 , 23 , 7 , 0 , 2 , 4 , 0 , 0 , 13 , 1 , 3 , 1 , .250 , .282 , .288 , .570 , .259 , 43.2 , -0.34 , -1.01 
342,최정용,20K2B, -0.34 , 38 , 59 , 56 , 5 , 11 , 1 , 0 , 1 , 15 , 5 , 0 , 0 , 2 , 0 , 0 , 15 , 0 , 1 , 0 , .196 , .224 , .268 , .492 , .224 , 19.9 , -0.34 , -0.04 
343,박승규,20삼RF, -0.34 , 91 , 196 , 182 , 24 , 47 , 11 , 0 , 1 , 61 , 14 , 4 , 5 , 7 , 3 , 0 , 32 , 4 , 4 , 0 , .258 , .297 , .335 , .632 , .288 , 63.6 , -0.34 , -0.48 
344,남태혁,20SDH, -0.36 , 35 , 72 , 66 , 3 , 13 , 1 , 0 , 1 , 17 , 11 , 0 , 0 , 6 , 0 , 0 , 22 , 2 , 0 , 0 , .197 , .264 , .258 , .522 , .250 , 37.4 , -0.36 , -0.38 
345,홍현빈,20KLF, -0.36 , 40 , 24 , 18 , 5 , 0 , 0 , 0 , 0 , 0 , 1 , 0 , 1 , 5 , 0 , 1 , 5 , 0 , 1 , 0 , .000 , .217 , .000 , .217 , .128 , -41.9 , -0.36 , -0.14 
346,이재원,20LRF, -0.37 , 16 , 22 , 20 , 1 , 1 , 0 , 0 , 0 , 1 , 0 , 0 , 0 , 2 , 0 , 0 , 11 , 0 , 0 , 0 , .050 , .136 , .050 , .186 , .109 , -53.6 , -0.37 , -0.24 
347,이현석,20SC, -0.37 , 58 , 109 , 101 , 7 , 18 , 2 , 0 , 2 , 26 , 7 , 1 , 0 , 4 , 2 , 0 , 30 , 4 , 2 , 0 , .178 , .224 , .257 , .482 , .222 , 18.2 , -0.37 , -0.55 
348,김영환,20KK2B, -0.40 , 14 , 18 , 16 , 0 , 0 , 0 , 0 , 0 , 0 , 0 , 1 , 1 , 1 , 0 , 0 , 5 , 0 , 1 , 0 , .000 , .059 , .000 , .059 , .041 , -99.2 , -0.40 , -0.14 
349,구본혁,20L3B, -0.42 , 125 , 98 , 86 , 20 , 14 , 0 , 1 , 1 , 19 , 7 , 0 , 0 , 7 , 2 , 0 , 18 , 2 , 3 , 0 , .163 , .242 , .221 , .463 , .220 , 19.9 , -0.42 , -0.22 
350,모터,20키3B, -0.43 , 10 , 37 , 35 , 4 , 4 , 0 , 0 , 1 , 7 , 3 , 0 , 0 , 1 , 0 , 0 , 10 , 0 , 0 , 1 , .114 , .135 , .200 , .335 , .149 , -24.6 , -0.43 , -0.64 
351,유장혁,20한LF, -0.44 , 30 , 46 , 42 , 3 , 7 , 1 , 0 , 0 , 8 , 0 , 0 , 1 , 4 , 0 , 0 , 18 , 0 , 0 , 0 , .167 , .239 , .190 , .430 , .215 , 16.4 , -0.44 , -0.37 
352,윤석민,20S3B, -0.46 , 34 , 76 , 73 , 4 , 14 , 2 , 0 , 3 , 25 , 12 , 0 , 0 , 2 , 0 , 0 , 12 , 3 , 0 , 1 , .192 , .211 , .342 , .553 , .242 , 30.9 , -0.46 , -0.34 
353,강민국,20K2B, -0.52 , 81 , 120 , 107 , 16 , 24 , 3 , 0 , 0 , 27 , 9 , 0 , 1 , 7 , 0 , 0 , 20 , 0 , 6 , 0 , .224 , .272 , .252 , .524 , .240 , 29.7 , -0.52 , -0.31 
354,김태균,20한1B, -0.53 , 67 , 254 , 219 , 14 , 48 , 11 , 0 , 2 , 65 , 29 , 0 , 0 , 30 , 2 , 3 , 42 , 8 , 1 , 2 , .219 , .316 , .297 , .613 , .288 , 64.6 , -0.53 , -0.50 
355,정현,20SSS, -0.53 , 89 , 128 , 112 , 14 , 17 , 4 , 0 , 2 , 27 , 4 , 0 , 2 , 11 , 2 , 0 , 34 , 3 , 3 , 0 , .152 , .240 , .241 , .481 , .227 , 22.0 , -0.53 , -0.61 
356,호잉,20한RF, -0.55 , 34 , 134 , 124 , 12 , 24 , 4 , 0 , 4 , 40 , 14 , 5 , 3 , 9 , 1 , 0 , 34 , 4 , 0 , 0 , .194 , .254 , .323 , .576 , .265 , 48.8 , -0.55 , -0.50 
357,김규민,20키LF, -0.56 , 54 , 111 , 101 , 13 , 21 , 2 , 1 , 1 , 28 , 6 , 1 , 0 , 5 , 1 , 0 , 24 , 3 , 3 , 1 , .208 , .250 , .277 , .527 , .240 , 31.9 , -0.56 , -1.13 
358,이시원,20한CF, -0.58 , 37 , 39 , 38 , 5 , 4 , 0 , 0 , 0 , 4 , 1 , 0 , 0 , 0 , 1 , 0 , 14 , 0 , 0 , 0 , .105 , .128 , .105 , .234 , .116 , -48.3 , -0.58 , -0.58 
359,허일,20롯RF, -0.59 , 60 , 95 , 84 , 5 , 15 , 4 , 0 , 1 , 22 , 6 , 0 , 0 , 8 , 1 , 0 , 29 , 4 , 2 , 0 , .179 , .258 , .262 , .520 , .244 , 32.8 , -0.59 , -0.46 
360,팔카,20삼DH, -0.66 , 51 , 217 , 196 , 17 , 41 , 7 , 0 , 8 , 72 , 23 , 2 , 0 , 18 , 0 , 0 , 58 , 5 , 0 , 3 , .209 , .272 , .367 , .639 , .288 , 60.3 , -0.66 , -0.64 
361,정상호,20두C, -0.68 , 42 , 92 , 86 , 3 , 14 , 6 , 0 , 0 , 20 , 8 , 0 , 0 , 2 , 0 , 0 , 29 , 4 , 3 , 1 , .163 , .180 , .233 , .412 , .182 , -4.8 , -0.68 , -1.24 
362,이재원,20SC, -0.68 , 80 , 251 , 222 , 18 , 41 , 8 , 0 , 2 , 55 , 21 , 0 , 0 , 19 , 6 , 3 , 24 , 12 , 3 , 1 , .185 , .266 , .248 , .514 , .241 , 31.8 , -0.68 , -1.48 
363,민병헌,20롯CF, -0.69 , 109 , 342 , 309 , 42 , 72 , 12 , 0 , 2 , 90 , 23 , 10 , 6 , 21 , 5 , 1 , 62 , 12 , 5 , 2 , .233 , .291 , .291 , .582 , .271 , 50.8 , -0.69 , -2.24 
364,이상호,20N2B, -0.69 , 82 , 65 , 61 , 18 , 8 , 1 , 0 , 0 , 9 , 4 , 6 , 4 , 3 , 0 , 0 , 5 , 2 , 1 , 0 , .131 , .172 , .148 , .319 , .155 , -24.0 , -0.69 , -0.64 
365,최인호,20한LF, -0.73 , 47 , 135 , 127 , 8 , 30 , 0 , 0 , 0 , 30 , 8 , 0 , 0 , 4 , 1 , 0 , 34 , 3 , 1 , 2 , .236 , .261 , .236 , .497 , .237 , 31.9 , -0.73 , -1.14 
366,정의윤,20SDH, -0.77 , 76 , 203 , 187 , 13 , 45 , 5 , 1 , 1 , 55 , 20 , 0 , 1 , 12 , 1 , 1 , 38 , 7 , 0 , 3 , .241 , .286 , .294 , .580 , .270 , 51.9 , -0.77 , -0.98 
367,이성규,20삼1B, -0.91 , 98 , 245 , 216 , 25 , 39 , 7 , 1 , 10 , 78 , 30 , 3 , 1 , 18 , 5 , 0 , 64 , 7 , 4 , 2 , .181 , .257 , .361 , .618 , .274 , 50.7 , -0.91 , -1.73 
368,박계범,20삼SS, -0.91 , 80 , 175 , 164 , 21 , 32 , 7 , 0 , 3 , 48 , 16 , 3 , 2 , 7 , 0 , 0 , 42 , 3 , 3 , 1 , .195 , .227 , .293 , .519 , .233 , 26.1 , -0.91 , -0.90 
369,이성열,20한DH, -0.94 , 79 , 248 , 227 , 23 , 46 , 5 , 0 , 8 , 75 , 34 , 1 , 1 , 16 , 5 , 0 , 69 , 4 , 0 , 0 , .203 , .270 , .330 , .601 , .277 , 57.5 , -0.94 , -1.13 
370,김규성,20K2B, -1.00 , 103 , 182 , 157 , 21 , 28 , 2 , 1 , 3 , 41 , 11 , 2 , 1 , 13 , 1 , 0 , 40 , 1 , 11 , 0 , .178 , .246 , .261 , .507 , .226 , 21.6 , -1.00 , -1.85 
371,김태진,20NK3B, -1.02 , 82 , 280 , 263 , 28 , 62 , 5 , 1 , 1 , 72 , 23 , 7 , 4 , 13 , 1 , 0 , 45 , 2 , 2 , 1 , .236 , .273 , .274 , .547 , .258 , 42.4 , -1.02 , -0.57 
372,박찬호,20KSS, -1.14 , 141 , 530 , 479 , 63 , 106 , 16 , 0 , 3 , 131 , 36 , 15 , 8 , 36 , 0 , 0 , 87 , 14 , 12 , 3 , .221 , .274 , .273 , .548 , .254 , 40.2 , -1.14 , -1.96 
373,정보근,20롯C, -1.19 , 85 , 152 , 133 , 9 , 20 , 2 , 0 , 0 , 22 , 5 , 0 , 0 , 11 , 1 , 0 , 32 , 7 , 6 , 1 , .150 , .219 , .165 , .385 , .187 , -3.9 , -1.19 , -1.76 
