순위,이름,팀,WAR,출장,완투,완봉,선발,승,패,세이브,홀드,이닝,실점,자책,타자,안타,2타,3타,홈런,볼넷,고4,사구,삼진,보크,폭투,ERA,FIP,WHIP,ERA+,FIP+,WPA
1,안우진,22키, 7.92 , 30 , 1 , 0 , 30 , 15 , 8 , 0 , 0 , 196.0 , 51 , 46 , 766 , 131 , 36 , 4 , 4 , 55 , 1 , 4 , 224 , 1 , 7 , 2.11 , 2.21 , 0.95 , 189.3 , 179.1 , 5.65 
2,김광현,22S, 6.10 , 28 , 0 , 0 , 28 , 13 , 3 , 0 , 0 , 173.1 , 48 , 41 , 694 , 141 , 16 , 2 , 10 , 45 , 2 , 5 , 153 , 0 , 1 , 2.13 , 3.15 , 1.07 , 195.5 , 132.7 , 3.63 
3,요키시,22키, 5.68 , 30 , 0 , 0 , 30 , 10 , 8 , 0 , 0 , 185.1 , 61 , 53 , 746 , 169 , 31 , 3 , 8 , 33 , 0 , 5 , 154 , 0 , 2 , 2.57 , 2.85 , 1.09 , 155.4 , 138.8 , 3.57 
4,수아레즈,22삼, 5.28 , 30 , 0 , 0 , 29 , 6 , 8 , 0 , 0 , 173.2 , 61 , 48 , 714 , 151 , 19 , 0 , 7 , 50 , 0 , 4 , 159 , 0 , 6 , 2.49 , 2.96 , 1.16 , 167.8 , 138.0 , 2.70 
5,켈리,22L, 5.19 , 27 , 0 , 0 , 27 , 16 , 4 , 0 , 0 , 166.1 , 50 , 47 , 664 , 144 , 10 , 4 , 10 , 35 , 0 , 2 , 153 , 0 , 3 , 2.54 , 2.95 , 1.08 , 156.3 , 134.7 , 3.45 
6,폰트,22S, 5.19 , 28 , 1 , 0 , 28 , 13 , 6 , 0 , 0 , 184.0 , 63 , 55 , 729 , 141 , 22 , 3 , 18 , 34 , 1 , 6 , 170 , 0 , 5 , 2.69 , 3.40 , 0.95 , 154.7 , 124.1 , 2.91 
7,플럿코,22L, 4.79 , 28 , 0 , 0 , 28 , 15 , 5 , 0 , 0 , 162.0 , 53 , 43 , 644 , 125 , 18 , 2 , 13 , 38 , 2 , 2 , 149 , 0 , 6 , 2.39 , 3.25 , 1.01 , 166.4 , 121.6 , 2.44 
8,고영표,22K, 4.50 , 28 , 1 , 1 , 28 , 13 , 8 , 0 , 0 , 182.1 , 69 , 66 , 758 , 191 , 31 , 3 , 7 , 23 , 1 , 16 , 156 , 0 , 1 , 3.26 , 2.75 , 1.17 , 126.4 , 148.2 , 2.38 
9,루친스키,22N, 4.38 , 31 , 0 , 0 , 31 , 10 , 12 , 0 , 0 , 193.2 , 77 , 64 , 797 , 184 , 34 , 2 , 14 , 34 , 1 , 8 , 194 , 0 , 9 , 2.97 , 2.91 , 1.13 , 136.9 , 140.9 , 2.80 
10,소형준,22K, 4.28 , 27 , 0 , 0 , 27 , 13 , 6 , 0 , 0 , 171.1 , 68 , 58 , 703 , 158 , 16 , 6 , 8 , 39 , 1 , 5 , 117 , 0 , 6 , 3.05 , 3.33 , 1.15 , 135.2 , 122.3 , 1.41 
11,김민수,22K, 4.01 , 76 , 0 , 0 , 0 , 5 , 4 , 3 , 30 , 80.2 , 19 , 17 , 327 , 66 , 13 , 1 , 3 , 15 , 3 , 6 , 91 , 0 , 6 , 1.90 , 2.24 , 1.00 , 217.1 , 182.9 , 2.33 
12,구창모,22N, 3.96 , 19 , 0 , 0 , 19 , 11 , 5 , 0 , 0 , 111.2 , 32 , 26 , 451 , 92 , 16 , 0 , 7 , 29 , 0 , 4 , 108 , 0 , 7 , 2.10 , 3.11 , 1.08 , 194.4 , 132.0 , 2.49 
13,뷰캐넌,22삼, 3.80 , 26 , 1 , 1 , 26 , 11 , 8 , 0 , 0 , 160.0 , 61 , 54 , 691 , 176 , 28 , 2 , 10 , 39 , 0 , 8 , 117 , 0 , 2 , 3.04 , 3.57 , 1.34 , 137.4 , 115.2 , 1.83 
14,고우석,22L, 3.71 , 61 , 0 , 0 , 0 , 4 , 2 , 42 , 0 , 60.2 , 12 , 10 , 240 , 37 , 7 , 1 , 6 , 21 , 4 , 1 , 80 , 0 , 5 , 1.48 , 2.88 , 0.96 , 267.9 , 136.1 , 3.49 
15,김재웅,22키, 3.62 , 65 , 0 , 0 , 0 , 3 , 2 , 13 , 27 , 62.2 , 14 , 14 , 254 , 39 , 8 , 1 , 4 , 29 , 2 , 4 , 56 , 0 , 4 , 2.01 , 3.87 , 1.09 , 198.9 , 102.3 , 3.51 
16,놀린,22K, 3.49 , 21 , 0 , 0 , 21 , 8 , 8 , 0 , 0 , 124.0 , 41 , 34 , 512 , 115 , 19 , 2 , 7 , 24 , 1 , 8 , 108 , 1 , 4 , 2.47 , 3.08 , 1.12 , 165.2 , 133.0 , 1.79 
17,엄상백,22K, 3.31 , 33 , 0 , 0 , 22 , 11 , 2 , 0 , 0 , 140.1 , 52 , 46 , 581 , 125 , 24 , 2 , 14 , 46 , 0 , 4 , 139 , 0 , 1 , 2.95 , 3.72 , 1.22 , 139.6 , 109.6 , 1.70 
18,모리만도,22S, 3.12 , 12 , 0 , 0 , 12 , 7 , 1 , 0 , 0 , 75.1 , 19 , 14 , 304 , 57 , 8 , 0 , 2 , 23 , 0 , 4 , 67 , 0 , 2 , 1.67 , 2.98 , 1.06 , 248.9 , 139.8 , 2.28 
19,반즈,22롯, 3.01 , 31 , 0 , 0 , 31 , 12 , 12 , 0 , 0 , 186.1 , 87 , 75 , 788 , 175 , 27 , 5 , 8 , 47 , 1 , 18 , 160 , 0 , 7 , 3.62 , 3.21 , 1.19 , 114.9 , 127.4 , 0.56 
20,이용찬,22N, 2.93 , 59 , 0 , 0 , 0 , 3 , 3 , 22 , 0 , 60.2 , 16 , 14 , 253 , 56 , 6 , 1 , 3 , 13 , 0 , 3 , 61 , 0 , 1 , 2.08 , 2.76 , 1.14 , 196.1 , 148.2 , 2.45 
21,벤자민,22K, 2.53 , 17 , 0 , 0 , 17 , 5 , 4 , 0 , 0 , 96.2 , 34 , 29 , 385 , 75 , 9 , 1 , 11 , 24 , 2 , 4 , 77 , 1 , 3 , 2.70 , 4.03 , 1.02 , 152.5 , 101.2 , 1.07 
22,원태인,22삼, 2.52 , 27 , 0 , 0 , 27 , 10 , 8 , 0 , 0 , 165.1 , 75 , 72 , 700 , 175 , 25 , 1 , 16 , 38 , 3 , 4 , 130 , 0 , 3 , 3.92 , 3.73 , 1.29 , 106.5 , 111.1 , 0.74 
23,정철원,22두, 2.51 , 58 , 0 , 0 , 0 , 4 , 3 , 3 , 23 , 72.2 , 26 , 25 , 294 , 60 , 12 , 2 , 4 , 26 , 2 , 2 , 47 , 0 , 7 , 3.10 , 3.83 , 1.18 , 128.5 , 104.6 , 1.10 
24,노경은,22S, 2.43 , 41 , 0 , 0 , 8 , 12 , 5 , 1 , 7 , 79.2 , 28 , 27 , 323 , 69 , 10 , 0 , 5 , 23 , 0 , 4 , 55 , 0 , 5 , 3.05 , 3.79 , 1.16 , 136.5 , 110.0 , 1.21 
25,구승민,22롯, 2.42 , 73 , 0 , 0 , 0 , 2 , 4 , 0 , 25 , 62.0 , 20 , 20 , 263 , 46 , 8 , 1 , 3 , 35 , 4 , 1 , 77 , 0 , 7 , 2.90 , 3.03 , 1.31 , 143.4 , 135.2 , 1.07 
26,장민재,22한, 2.38 , 32 , 0 , 0 , 25 , 7 , 8 , 0 , 0 , 126.2 , 54 , 50 , 531 , 124 , 18 , 2 , 15 , 39 , 1 , 4 , 75 , 0 , 3 , 3.55 , 4.69 , 1.29 , 114.0 , 87.0 , 0.64 
27,곽빈,22두, 2.36 , 27 , 0 , 0 , 27 , 8 , 9 , 0 , 0 , 147.2 , 69 , 62 , 645 , 143 , 30 , 0 , 13 , 60 , 1 , 11 , 138 , 1 , 9 , 3.78 , 4.04 , 1.38 , 105.3 , 98.3 , 0.45 
28,김재윤,22K, 2.32 , 61 , 0 , 0 , 0 , 9 , 7 , 33 , 0 , 66.1 , 26 , 24 , 267 , 46 , 6 , 0 , 5 , 21 , 6 , 0 , 78 , 1 , 2 , 3.26 , 2.65 , 1.01 , 126.5 , 155.1 , 0.57 
29,정우영,22L, 2.17 , 67 , 0 , 0 , 0 , 2 , 3 , 0 , 35 , 58.0 , 18 , 17 , 248 , 48 , 3 , 2 , 3 , 32 , 5 , 6 , 40 , 0 , 0 , 2.64 , 4.34 , 1.38 , 150.7 , 92.9 , 1.79 
30,김윤식,22L, 2.13 , 23 , 0 , 0 , 23 , 8 , 5 , 0 , 0 , 114.1 , 46 , 42 , 483 , 125 , 22 , 1 , 5 , 27 , 2 , 1 , 81 , 0 , 4 , 3.31 , 3.17 , 1.33 , 120.2 , 126.4 , 1.20 
31,원종현,22N, 2.02 , 68 , 0 , 0 , 0 , 5 , 0 , 1 , 13 , 63.1 , 22 , 21 , 260 , 55 , 8 , 0 , 5 , 17 , 0 , 1 , 50 , 0 , 2 , 2.98 , 3.64 , 1.14 , 136.5 , 112.8 , 0.11 
32,이태양,22S, 2.01 , 30 , 0 , 0 , 17 , 8 , 3 , 0 , 1 , 112.0 , 50 , 45 , 472 , 116 , 18 , 0 , 15 , 24 , 2 , 5 , 61 , 0 , 0 , 3.62 , 4.71 , 1.25 , 115.1 , 88.9 , 0.86 
33,김민우,22한, 1.99 , 29 , 1 , 0 , 29 , 6 , 11 , 0 , 0 , 163.0 , 82 , 79 , 711 , 143 , 40 , 1 , 16 , 84 , 8 , 8 , 129 , 0 , 13 , 4.36 , 4.58 , 1.39 , 92.8 , 89.1 , 0.53 
34,나균안,22롯, 1.94 , 39 , 0 , 0 , 13 , 3 , 8 , 0 , 2 , 117.2 , 55 , 52 , 506 , 125 , 36 , 3 , 5 , 37 , 1 , 3 , 123 , 0 , 6 , 3.98 , 2.79 , 1.38 , 104.7 , 146.6 , -0.72 
35,파노니,22K, 1.90 , 14 , 0 , 0 , 14 , 3 , 4 , 0 , 0 , 82.2 , 32 , 24 , 348 , 78 , 6 , 1 , 5 , 24 , 0 , 2 , 73 , 0 , 5 , 2.61 , 3.30 , 1.23 , 156.0 , 124.2 , 0.58 
36,김시훈,22N, 1.88 , 59 , 0 , 0 , 7 , 4 , 5 , 0 , 11 , 83.1 , 35 , 30 , 365 , 75 , 10 , 0 , 7 , 43 , 0 , 4 , 79 , 1 , 2 , 3.24 , 4.23 , 1.42 , 125.7 , 97.2 , 0.44 
37,박세웅,22롯, 1.87 , 28 , 0 , 0 , 28 , 10 , 11 , 0 , 0 , 157.1 , 80 , 66 , 679 , 180 , 32 , 4 , 8 , 32 , 1 , 8 , 146 , 0 , 7 , 3.78 , 2.89 , 1.35 , 110.3 , 141.6 , -0.14 
38,김영규,22N, 1.84 , 72 , 0 , 0 , 0 , 2 , 7 , 1 , 13 , 66.0 , 26 , 25 , 269 , 56 , 8 , 2 , 5 , 22 , 4 , 7 , 46 , 0 , 3 , 3.41 , 4.07 , 1.18 , 119.5 , 101.0 , 0.03 
39,스트레일리,22롯, 1.82 , 11 , 0 , 0 , 11 , 4 , 2 , 0 , 0 , 62.1 , 24 , 16 , 260 , 54 , 8 , 0 , 5 , 22 , 0 , 6 , 55 , 0 , 2 , 2.31 , 3.96 , 1.22 , 180.2 , 102.8 , 0.64 
40,정해영,22K, 1.78 , 55 , 0 , 0 , 0 , 3 , 7 , 32 , 0 , 56.0 , 21 , 21 , 238 , 54 , 12 , 1 , 3 , 18 , 1 , 0 , 43 , 0 , 0 , 3.38 , 3.41 , 1.29 , 120.8 , 120.0 , 1.31 
41,오승환,22삼, 1.69 , 57 , 0 , 0 , 0 , 6 , 2 , 31 , 2 , 57.0 , 23 , 21 , 239 , 59 , 9 , 1 , 8 , 13 , 0 , 1 , 51 , 0 , 1 , 3.32 , 4.11 , 1.26 , 125.9 , 101.5 , 0.24 
42,양현종,22K, 1.68 , 30 , 0 , 0 , 30 , 12 , 7 , 0 , 0 , 175.1 , 86 , 75 , 743 , 170 , 33 , 3 , 14 , 50 , 1 , 3 , 141 , 0 , 3 , 3.85 , 3.66 , 1.26 , 105.9 , 112.1 , 0.27 
43,임기영,22K, 1.66 , 26 , 0 , 0 , 23 , 4 , 13 , 1 , 0 , 129.1 , 63 , 61 , 555 , 137 , 25 , 1 , 18 , 36 , 1 , 5 , 82 , 0 , 2 , 4.24 , 4.81 , 1.34 , 96.0 , 85.4 , -0.24 
44,김명신,22두, 1.64 , 68 , 0 , 0 , 0 , 3 , 3 , 0 , 10 , 79.2 , 33 , 32 , 333 , 75 , 9 , 2 , 5 , 25 , 0 , 3 , 61 , 0 , 4 , 3.62 , 3.68 , 1.26 , 110.1 , 108.5 , 0.17 
45,최원준,22두, 1.62 , 30 , 0 , 0 , 30 , 8 , 13 , 0 , 0 , 165.0 , 80 , 66 , 713 , 183 , 31 , 2 , 21 , 37 , 0 , 7 , 113 , 1 , 2 , 3.60 , 4.42 , 1.33 , 110.5 , 88.7 , -0.53 
46,이인복,22롯, 1.59 , 26 , 0 , 0 , 23 , 9 , 9 , 0 , 1 , 126.2 , 63 , 59 , 547 , 153 , 22 , 1 , 6 , 30 , 0 , 4 , 71 , 0 , 4 , 4.19 , 3.64 , 1.45 , 99.3 , 112.0 , 0.01 
47,이우찬,22L, 1.54 , 36 , 0 , 0 , 0 , 5 , 0 , 0 , 2 , 44.2 , 10 , 9 , 182 , 29 , 4 , 0 , 2 , 21 , 1 , 1 , 42 , 0 , 4 , 1.81 , 3.45 , 1.12 , 219.2 , 116.5 , 0.82 
48,진해수,22L, 1.53 , 64 , 0 , 0 , 0 , 4 , 0 , 0 , 12 , 45.0 , 12 , 11 , 180 , 39 , 6 , 3 , 1 , 11 , 0 , 1 , 35 , 0 , 2 , 2.20 , 2.87 , 1.11 , 180.7 , 140.8 , 1.10 
49,김진성,22L, 1.53 , 67 , 0 , 0 , 0 , 6 , 3 , 0 , 12 , 58.0 , 21 , 20 , 236 , 44 , 6 , 1 , 6 , 22 , 3 , 1 , 54 , 0 , 2 , 3.10 , 3.86 , 1.14 , 128.1 , 102.2 , 0.61 
50,이승호,22키, 1.49 , 53 , 0 , 0 , 0 , 3 , 2 , 10 , 10 , 50.1 , 20 , 20 , 215 , 44 , 9 , 0 , 7 , 27 , 1 , 3 , 44 , 0 , 6 , 3.58 , 5.13 , 1.41 , 111.8 , 76.4 , 1.53 
51,김대유,22L, 1.39 , 59 , 0 , 0 , 0 , 2 , 1 , 0 , 13 , 39.2 , 11 , 10 , 172 , 36 , 6 , 2 , 2 , 15 , 3 , 8 , 36 , 0 , 0 , 2.27 , 3.69 , 1.29 , 175.2 , 108.8 , 0.22 
52,애플러,22키, 1.33 , 33 , 1 , 1 , 25 , 6 , 8 , 0 , 0 , 140.1 , 69 , 67 , 622 , 172 , 34 , 1 , 13 , 40 , 1 , 6 , 86 , 0 , 4 , 4.30 , 4.28 , 1.51 , 93.1 , 92.3 , -0.24 
53,서진용,22S, 1.30 , 68 , 0 , 0 , 0 , 7 , 3 , 21 , 12 , 67.1 , 32 , 30 , 297 , 64 , 10 , 1 , 5 , 36 , 3 , 3 , 55 , 0 , 6 , 4.01 , 4.27 , 1.49 , 103.8 , 97.6 , 2.60 
54,이준영,22K, 1.29 , 75 , 0 , 0 , 0 , 1 , 1 , 1 , 17 , 46.1 , 17 , 15 , 202 , 41 , 8 , 0 , 3 , 26 , 3 , 0 , 42 , 0 , 0 , 2.91 , 3.86 , 1.45 , 139.9 , 105.8 , 0.33 
55,최준용,22롯, 1.29 , 68 , 0 , 0 , 0 , 3 , 4 , 14 , 6 , 71.0 , 35 , 32 , 303 , 63 , 13 , 0 , 10 , 20 , 3 , 6 , 80 , 0 , 4 , 4.06 , 3.89 , 1.17 , 102.6 , 104.4 , 0.33 
56,장현식,22K, 1.27 , 54 , 0 , 0 , 0 , 2 , 3 , 1 , 19 , 52.0 , 21 , 19 , 233 , 54 , 11 , 2 , 4 , 26 , 3 , 1 , 40 , 0 , 5 , 3.29 , 4.18 , 1.54 , 124.0 , 97.6 , -0.37 
57,김태경,22N, 1.26 , 16 , 0 , 0 , 7 , 3 , 2 , 0 , 1 , 44.1 , 16 , 16 , 194 , 36 , 6 , 0 , 4 , 21 , 0 , 5 , 31 , 0 , 2 , 3.25 , 4.87 , 1.29 , 125.4 , 84.3 , 0.43 
58,이의리,22K, 1.26 , 29 , 0 , 0 , 28 , 10 , 10 , 0 , 0 , 154.0 , 79 , 66 , 671 , 128 , 26 , 4 , 18 , 74 , 0 , 9 , 161 , 0 , 7 , 3.86 , 4.38 , 1.31 , 105.7 , 93.7 , -0.53 
59,문성현,22키, 1.23 , 45 , 0 , 0 , 0 , 0 , 1 , 13 , 9 , 41.1 , 16 , 15 , 168 , 34 , 5 , 0 , 3 , 14 , 0 , 1 , 32 , 0 , 2 , 3.27 , 3.82 , 1.16 , 122.5 , 103.3 , 0.52 
60,최원태,22키, 1.20 , 26 , 0 , 0 , 20 , 7 , 5 , 0 , 0 , 105.2 , 50 , 44 , 446 , 94 , 25 , 0 , 5 , 40 , 0 , 5 , 63 , 0 , 5 , 3.75 , 4.04 , 1.27 , 106.7 , 98.8 , 0.83 
61,김태훈,22키, 1.19 , 43 , 0 , 0 , 0 , 3 , 2 , 9 , 10 , 43.0 , 18 , 15 , 188 , 40 , 7 , 0 , 3 , 20 , 2 , 2 , 34 , 0 , 2 , 3.14 , 4.06 , 1.40 , 127.4 , 97.5 , 0.15 
62,이정용,22L, 1.16 , 65 , 0 , 0 , 0 , 4 , 4 , 1 , 22 , 59.1 , 26 , 21 , 250 , 52 , 12 , 1 , 3 , 18 , 3 , 2 , 40 , 0 , 3 , 3.19 , 3.51 , 1.18 , 124.8 , 114.4 , -0.22 
63,주권,22K, 1.14 , 58 , 0 , 0 , 0 , 3 , 3 , 1 , 15 , 50.2 , 22 , 22 , 203 , 58 , 7 , 1 , 3 , 8 , 0 , 0 , 31 , 0 , 0 , 3.91 , 3.36 , 1.30 , 105.4 , 121.5 , 0.86 
64,홍건희,22두, 1.09 , 58 , 0 , 0 , 0 , 2 , 9 , 18 , 9 , 62.0 , 30 , 24 , 265 , 58 , 9 , 0 , 5 , 21 , 3 , 2 , 60 , 0 , 4 , 3.48 , 3.42 , 1.27 , 114.2 , 116.0 , 0.16 
65,브랜든,22두, 1.07 , 11 , 0 , 0 , 11 , 5 , 3 , 0 , 0 , 65.0 , 29 , 26 , 276 , 56 , 10 , 0 , 5 , 24 , 0 , 1 , 40 , 1 , 2 , 3.60 , 4.26 , 1.23 , 110.5 , 93.5 , 0.65 
66,우규민,22삼, 1.07 , 60 , 0 , 0 , 0 , 4 , 3 , 1 , 16 , 47.0 , 21 , 17 , 201 , 55 , 11 , 0 , 3 , 6 , 2 , 4 , 31 , 1 , 0 , 3.26 , 3.36 , 1.30 , 128.2 , 122.7 , -0.31 
67,파슨스,22N, 1.04 , 8 , 0 , 0 , 8 , 1 , 2 , 0 , 0 , 43.0 , 19 , 17 , 182 , 34 , 4 , 2 , 4 , 21 , 0 , 1 , 43 , 0 , 8 , 3.56 , 4.08 , 1.28 , 114.5 , 100.7 , 0.12 
68,윤산흠,22한, 1.03 , 37 , 0 , 0 , 0 , 1 , 1 , 0 , 3 , 33.2 , 12 , 10 , 155 , 23 , 7 , 0 , 1 , 30 , 4 , 2 , 46 , 0 , 6 , 2.67 , 3.49 , 1.57 , 151.4 , 117.0 , 0.15 
69,라미레즈,22한, 1.02 , 13 , 0 , 0 , 13 , 2 , 6 , 0 , 0 , 65.1 , 33 , 30 , 285 , 52 , 6 , 0 , 4 , 37 , 0 , 7 , 47 , 1 , 0 , 4.13 , 4.72 , 1.36 , 98.0 , 86.4 , 0.13 
70,스탁,22두, 1.00 , 29 , 0 , 0 , 29 , 9 , 10 , 0 , 0 , 165.0 , 87 , 65 , 722 , 161 , 24 , 2 , 9 , 83 , 0 , 10 , 138 , 0 , 12 , 3.55 , 4.07 , 1.48 , 112.2 , 98.7 , -0.98 
71,전상현,22K, 1.00 , 50 , 0 , 0 , 0 , 5 , 5 , 2 , 16 , 46.1 , 20 , 17 , 195 , 42 , 10 , 0 , 2 , 16 , 2 , 0 , 53 , 0 , 2 , 3.30 , 2.52 , 1.25 , 123.5 , 162.0 , 0.56 
72,데스파이네,22K, 0.99 , 30 , 0 , 0 , 29 , 8 , 12 , 0 , 0 , 163.0 , 94 , 82 , 725 , 198 , 27 , 0 , 14 , 48 , 2 , 9 , 123 , 1 , 7 , 4.53 , 3.96 , 1.51 , 90.9 , 102.9 , -1.34 
73,박영현,22K, 0.97 , 52 , 0 , 0 , 0 , 0 , 1 , 0 , 2 , 51.2 , 23 , 21 , 219 , 46 , 8 , 0 , 5 , 20 , 1 , 0 , 55 , 0 , 3 , 3.66 , 3.57 , 1.28 , 112.6 , 114.3 , -0.29 
74,이채호,22K, 0.96 , 38 , 0 , 0 , 0 , 5 , 0 , 0 , 3 , 36.2 , 13 , 12 , 156 , 28 , 11 , 0 , 0 , 13 , 2 , 6 , 32 , 0 , 2 , 2.95 , 2.98 , 1.12 , 139.8 , 135.9 , 0.59 
75,최성훈,22L, 0.89 , 45 , 0 , 0 , 0 , 0 , 0 , 0 , 6 , 33.1 , 10 , 8 , 139 , 23 , 4 , 2 , 1 , 13 , 2 , 3 , 22 , 0 , 2 , 2.16 , 3.67 , 1.08 , 184.0 , 110.4 , 0.42 
76,장지훈,22S, 0.86 , 40 , 0 , 0 , 0 , 2 , 0 , 0 , 6 , 55.0 , 26 , 26 , 231 , 56 , 8 , 2 , 6 , 11 , 2 , 3 , 33 , 0 , 4 , 4.25 , 4.21 , 1.22 , 97.8 , 99.4 , -0.30 
77,김도규,22롯, 0.86 , 55 , 0 , 0 , 0 , 4 , 4 , 3 , 8 , 51.0 , 26 , 21 , 218 , 48 , 8 , 1 , 2 , 19 , 2 , 4 , 45 , 0 , 3 , 3.71 , 3.32 , 1.31 , 112.3 , 123.2 , 0.45 
78,심재민,22K, 0.86 , 44 , 0 , 0 , 1 , 4 , 1 , 0 , 6 , 43.1 , 19 , 18 , 184 , 41 , 6 , 2 , 4 , 16 , 3 , 2 , 21 , 0 , 0 , 3.74 , 4.61 , 1.32 , 110.1 , 88.4 , 0.33 
79,강재민,22한, 0.83 , 56 , 0 , 0 , 0 , 4 , 7 , 7 , 7 , 51.1 , 26 , 24 , 232 , 44 , 5 , 1 , 7 , 29 , 8 , 4 , 39 , 0 , 1 , 4.21 , 5.05 , 1.42 , 96.2 , 81.0 , -1.58 
80,배제성,22K, 0.80 , 24 , 0 , 0 , 18 , 3 , 9 , 0 , 0 , 107.0 , 56 , 50 , 458 , 103 , 15 , 2 , 8 , 46 , 0 , 1 , 89 , 0 , 8 , 4.21 , 3.96 , 1.39 , 97.9 , 102.7 , -0.54 
81,고영창,22K, 0.80 , 27 , 0 , 0 , 0 , 0 , 1 , 0 , 0 , 24.0 , 5 , 5 , 104 , 24 , 3 , 0 , 2 , 10 , 0 , 3 , 9 , 0 , 0 , 1.88 , 5.30 , 1.42 , 217.4 , 77.3 , -0.47 
82,김원중,22롯, 0.79 , 43 , 0 , 0 , 0 , 2 , 3 , 16 , 2 , 43.0 , 21 , 19 , 187 , 40 , 10 , 1 , 4 , 16 , 3 , 0 , 60 , 0 , 3 , 3.98 , 2.66 , 1.30 , 104.7 , 153.2 , 0.26 
83,배재준,22L, 0.72 , 17 , 0 , 0 , 5 , 0 , 1 , 0 , 0 , 31.1 , 11 , 8 , 129 , 22 , 4 , 2 , 0 , 15 , 0 , 4 , 23 , 0 , 0 , 2.30 , 3.69 , 1.18 , 173.0 , 110.8 , 0.43 
84,최민준,22S, 0.72 , 51 , 0 , 0 , 1 , 5 , 4 , 0 , 5 , 68.1 , 37 , 30 , 288 , 51 , 8 , 1 , 10 , 34 , 2 , 2 , 48 , 0 , 7 , 3.95 , 5.33 , 1.24 , 105.3 , 78.7 , -0.66 
85,이상민,22삼, 0.72 , 46 , 0 , 0 , 0 , 0 , 0 , 0 , 9 , 29.1 , 13 , 12 , 138 , 30 , 6 , 1 , 5 , 15 , 1 , 3 , 23 , 0 , 2 , 3.68 , 5.73 , 1.53 , 113.4 , 72.6 , 0.20 
86,오원석,22S, 0.70 , 31 , 0 , 0 , 24 , 6 , 8 , 0 , 0 , 144.0 , 79 , 72 , 633 , 158 , 21 , 2 , 16 , 58 , 1 , 3 , 112 , 0 , 6 , 4.50 , 4.48 , 1.50 , 92.5 , 93.6 , -0.91 
87,홍정우,22삼, 0.70 , 26 , 0 , 0 , 0 , 5 , 2 , 0 , 1 , 26.2 , 10 , 9 , 111 , 19 , 6 , 0 , 3 , 13 , 4 , 0 , 20 , 0 , 0 , 3.04 , 4.31 , 1.20 , 137.4 , 96.3 , -0.73 
88,최동환,22L, 0.69 , 47 , 0 , 0 , 0 , 0 , 1 , 0 , 0 , 50.0 , 23 , 23 , 210 , 45 , 7 , 1 , 5 , 17 , 0 , 1 , 30 , 0 , 3 , 4.14 , 4.52 , 1.24 , 96.0 , 87.5 , 0.04 
89,김범수,22한, 0.66 , 78 , 0 , 0 , 0 , 3 , 7 , 0 , 27 , 66.0 , 36 , 32 , 289 , 64 , 13 , 0 , 5 , 35 , 5 , 3 , 58 , 0 , 2 , 4.36 , 4.07 , 1.50 , 92.8 , 100.4 , -1.05 
90,카펜터,22한, 0.64 , 4 , 0 , 0 , 4 , 0 , 1 , 0 , 0 , 18.0 , 6 , 5 , 79 , 19 , 5 , 0 , 1 , 6 , 0 , 1 , 15 , 0 , 1 , 2.50 , 3.56 , 1.39 , 161.9 , 114.4 , 0.20 
91,서준원,22롯, 0.62 , 33 , 0 , 0 , 4 , 3 , 3 , 0 , 2 , 60.0 , 32 , 32 , 265 , 65 , 10 , 1 , 3 , 23 , 0 , 5 , 45 , 0 , 2 , 4.80 , 3.89 , 1.47 , 86.7 , 105.0 , -0.02 
92,김준형,22키, 0.62 , 12 , 0 , 0 , 0 , 0 , 1 , 0 , 0 , 13.1 , 3 , 3 , 61 , 9 , 1 , 0 , 0 , 13 , 0 , 2 , 6 , 0 , 3 , 2.03 , 5.81 , 1.65 , 197.5 , 69.5 , -0.22 
93,고효준,22S, 0.61 , 45 , 0 , 0 , 0 , 1 , 0 , 0 , 7 , 38.2 , 18 , 16 , 174 , 35 , 6 , 2 , 1 , 20 , 2 , 2 , 35 , 0 , 7 , 3.72 , 3.42 , 1.42 , 111.8 , 121.6 , 0.37 
94,이승현,22삼, 0.59 , 54 , 0 , 0 , 0 , 0 , 2 , 0 , 13 , 50.0 , 26 , 26 , 217 , 48 , 14 , 1 , 5 , 22 , 1 , 3 , 39 , 0 , 0 , 4.68 , 4.52 , 1.40 , 89.2 , 91.4 , 1.11 
95,김기훈,22K, 0.58 , 5 , 0 , 0 , 0 , 0 , 0 , 0 , 0 , 8.2 , 1 , 1 , 36 , 4 , 0 , 0 , 0 , 7 , 0 , 0 , 9 , 0 , 0 , 1.04 , 3.68 , 1.27 , 392.6 , 111.1 , 0.42 
96,페냐,22한, 0.58 , 13 , 0 , 0 , 13 , 5 , 4 , 0 , 0 , 67.2 , 33 , 28 , 293 , 63 , 10 , 2 , 4 , 30 , 0 , 4 , 72 , 0 , 4 , 3.72 , 3.49 , 1.37 , 108.7 , 116.7 , 0.15 
97,임정호,22N, 0.53 , 33 , 0 , 0 , 0 , 1 , 2 , 0 , 6 , 25.0 , 11 , 9 , 104 , 21 , 3 , 1 , 1 , 7 , 0 , 2 , 30 , 1 , 0 , 3.24 , 2.54 , 1.12 , 125.7 , 161.2 , 0.08 
98,신정락,22한, 0.53 , 44 , 0 , 0 , 0 , 2 , 1 , 1 , 4 , 47.0 , 25 , 21 , 215 , 52 , 10 , 1 , 4 , 16 , 2 , 7 , 23 , 0 , 2 , 4.02 , 4.81 , 1.45 , 100.7 , 85.0 , -0.32 
99,김택형,22S, 0.52 , 64 , 0 , 0 , 0 , 3 , 5 , 17 , 10 , 60.1 , 33 , 33 , 261 , 57 , 9 , 0 , 8 , 22 , 1 , 3 , 62 , 0 , 6 , 4.92 , 4.20 , 1.31 , 84.6 , 100.6 , -0.17 
100,박상원,22한, 0.50 , 14 , 0 , 0 , 0 , 0 , 0 , 0 , 4 , 12.0 , 4 , 3 , 53 , 11 , 1 , 0 , 0 , 6 , 0 , 0 , 16 , 0 , 1 , 2.25 , 2.17 , 1.42 , 179.9 , 186.6 , 0.19 
101,박정수,22두, 0.49 , 13 , 0 , 0 , 0 , 1 , 1 , 0 , 0 , 19.2 , 7 , 7 , 83 , 17 , 2 , 0 , 1 , 9 , 0 , 1 , 18 , 0 , 1 , 3.20 , 3.69 , 1.32 , 124.2 , 108.6 , -0.05 
102,신민혁,22N, 0.48 , 26 , 0 , 0 , 23 , 4 , 9 , 0 , 0 , 118.1 , 64 , 60 , 521 , 128 , 30 , 1 , 15 , 31 , 1 , 10 , 105 , 1 , 5 , 4.56 , 4.23 , 1.34 , 89.2 , 97.3 , -0.38 
103,정우람,22한, 0.47 , 23 , 0 , 0 , 0 , 0 , 1 , 1 , 7 , 18.1 , 8 , 6 , 84 , 23 , 5 , 0 , 1 , 6 , 1 , 0 , 20 , 0 , 0 , 2.95 , 2.68 , 1.58 , 137.4 , 151.9 , 0.33 
104,문용익,22삼, 0.47 , 39 , 0 , 0 , 0 , 1 , 2 , 1 , 2 , 37.2 , 20 , 14 , 163 , 31 , 5 , 0 , 2 , 22 , 0 , 2 , 23 , 0 , 2 , 3.35 , 4.72 , 1.41 , 124.8 , 86.7 , -0.19 
105,함덕주,22L, 0.42 , 13 , 0 , 0 , 0 , 0 , 0 , 0 , 0 , 12.2 , 3 , 3 , 58 , 9 , 2 , 0 , 0 , 11 , 0 , 1 , 13 , 0 , 0 , 2.13 , 4.13 , 1.58 , 186.5 , 99.2 , -0.06 
106,킹엄,22한, 0.41 , 3 , 0 , 0 , 3 , 1 , 2 , 0 , 0 , 16.1 , 6 , 5 , 70 , 15 , 2 , 1 , 1 , 5 , 0 , 1 , 18 , 0 , 0 , 2.76 , 3.03 , 1.22 , 146.9 , 134.2 , 0.18 
107,김영준,22L, 0.38 , 2 , 0 , 0 , 2 , 0 , 0 , 0 , 0 , 9.2 , 2 , 2 , 43 , 8 , 2 , 0 , 1 , 4 , 0 , 3 , 7 , 0 , 1 , 1.86 , 5.41 , 1.24 , 213.5 , 73.4 , 0.30 
108,박민호,22S, 0.37 , 22 , 0 , 0 , 0 , 1 , 1 , 1 , 4 , 22.0 , 10 , 10 , 101 , 26 , 2 , 0 , 3 , 11 , 1 , 2 , 12 , 0 , 0 , 4.09 , 5.66 , 1.68 , 101.8 , 73.9 , -0.87 
109,한현희,22키, 0.36 , 21 , 0 , 0 , 14 , 6 , 4 , 0 , 0 , 77.2 , 44 , 41 , 346 , 83 , 20 , 1 , 9 , 24 , 0 , 8 , 59 , 0 , 2 , 4.75 , 4.56 , 1.38 , 84.2 , 86.1 , 0.24 
110,박승주,22키, 0.34 , 27 , 0 , 0 , 0 , 1 , 0 , 0 , 0 , 25.0 , 12 , 12 , 116 , 20 , 4 , 1 , 3 , 21 , 0 , 3 , 22 , 0 , 2 , 4.32 , 6.02 , 1.64 , 92.6 , 65.5 , 0.26 
111,쿠에바스,22K, 0.33 , 2 , 0 , 0 , 2 , 1 , 0 , 0 , 0 , 11.0 , 3 , 3 , 40 , 2 , 0 , 0 , 1 , 5 , 0 , 1 , 8 , 0 , 2 , 2.45 , 4.70 , 0.64 , 167.8 , 86.5 , 0.23 
112,장원준,22두, 0.32 , 27 , 0 , 0 , 0 , 0 , 1 , 0 , 6 , 17.0 , 8 , 7 , 78 , 23 , 3 , 0 , 0 , 7 , 0 , 1 , 7 , 0 , 0 , 3.71 , 3.93 , 1.77 , 107.4 , 104.0 , -0.38 
113,장시환,22한, 0.32 , 64 , 0 , 0 , 0 , 0 , 5 , 14 , 9 , 63.2 , 37 , 31 , 280 , 58 , 14 , 2 , 4 , 33 , 4 , 1 , 67 , 0 , 2 , 4.38 , 3.46 , 1.43 , 92.4 , 117.7 , -0.04 
114,하준영,22N, 0.32 , 47 , 0 , 0 , 0 , 3 , 0 , 0 , 4 , 39.0 , 22 , 20 , 164 , 28 , 5 , 0 , 3 , 14 , 1 , 3 , 44 , 0 , 2 , 4.62 , 3.31 , 1.08 , 88.2 , 124.0 , -0.02 
115,김민,22K, 0.31 , 6 , 0 , 0 , 0 , 0 , 0 , 0 , 2 , 7.2 , 2 , 2 , 28 , 4 , 0 , 0 , 1 , 2 , 0 , 1 , 8 , 0 , 0 , 2.35 , 4.12 , 0.78 , 175.4 , 99.0 , 0.21 
116,김동혁,22키, 0.29 , 24 , 0 , 0 , 0 , 2 , 1 , 0 , 3 , 26.2 , 14 , 14 , 115 , 28 , 12 , 2 , 0 , 11 , 2 , 1 , 18 , 0 , 1 , 4.73 , 3.11 , 1.46 , 84.6 , 129.7 , -0.35 
117,이형범,22두, 0.28 , 31 , 0 , 0 , 0 , 0 , 1 , 0 , 0 , 31.0 , 17 , 15 , 142 , 34 , 7 , 0 , 1 , 11 , 0 , 4 , 17 , 0 , 2 , 4.35 , 4.11 , 1.45 , 91.4 , 98.2 , -0.89 
118,송은범,22L, 0.28 , 25 , 0 , 0 , 0 , 1 , 1 , 0 , 2 , 26.2 , 13 , 12 , 116 , 29 , 3 , 0 , 3 , 10 , 0 , 0 , 13 , 0 , 0 , 4.05 , 4.95 , 1.46 , 98.1 , 79.8 , 0.00 
119,한재승,22N, 0.26 , 12 , 0 , 0 , 0 , 0 , 0 , 0 , 2 , 10.2 , 4 , 3 , 54 , 13 , 2 , 0 , 0 , 10 , 1 , 1 , 11 , 0 , 0 , 2.53 , 4.09 , 2.16 , 160.9 , 100.6 , 0.02 
120,서동민,22S, 0.26 , 20 , 0 , 0 , 0 , 1 , 1 , 0 , 5 , 21.0 , 11 , 6 , 86 , 13 , 3 , 0 , 3 , 11 , 0 , 1 , 19 , 0 , 3 , 2.57 , 5.10 , 1.14 , 161.9 , 82.5 , 0.78 
121,이지강,22L, 0.25 , 4 , 0 , 0 , 1 , 0 , 0 , 0 , 0 , 11.0 , 6 , 6 , 56 , 12 , 2 , 0 , 0 , 13 , 0 , 0 , 6 , 0 , 1 , 4.91 , 5.79 , 2.27 , 81.0 , 70.6 , 0.14 
122,이승민,22삼, 0.23 , 2 , 0 , 0 , 0 , 0 , 0 , 0 , 0 , 5.1 , 1 , 1 , 23 , 2 , 1 , 0 , 0 , 5 , 0 , 0 , 2 , 0 , 0 , 1.69 , 5.40 , 1.31 , 247.4 , 75.0 , 0.11 
123,김강률,22두, 0.23 , 26 , 0 , 0 , 0 , 3 , 4 , 9 , 1 , 24.2 , 13 , 12 , 110 , 28 , 6 , 0 , 2 , 8 , 2 , 2 , 15 , 0 , 1 , 4.38 , 4.15 , 1.46 , 90.9 , 96.0 , -0.35 
124,채지선,22L, 0.22 , 3 , 0 , 0 , 0 , 0 , 0 , 0 , 1 , 3.0 , 0 , 0 , 10 , 1 , 0 , 0 , 0 , 0 , 0 , 1 , 2 , 0 , 0 , 0.00 , 3.01 , 0.33 ,  , 135.5 , 0.16 
125,김대우,22삼, 0.20 , 4 , 0 , 0 , 0 , 1 , 0 , 0 , 0 , 4.1 , 1 , 1 , 16 , 4 , 0 , 0 , 0 , 0 , 0 , 0 , 5 , 0 , 0 , 2.08 , 1.03 , 0.92 , 201.0 , 389.6 , 0.08 
126,박시영,22K, 0.19 , 17 , 0 , 0 , 0 , 0 , 2 , 0 , 5 , 15.2 , 8 , 8 , 68 , 19 , 1 , 0 , 2 , 4 , 1 , 0 , 11 , 0 , 0 , 4.60 , 4.17 , 1.47 , 89.6 , 98.0 , -0.23 
127,이승현,22삼, 0.19 , 58 , 0 , 0 , 0 , 2 , 4 , 1 , 14 , 47.2 , 28 , 24 , 212 , 43 , 10 , 1 , 5 , 21 , 2 , 3 , 57 , 0 , 6 , 4.53 , 3.70 , 1.34 , 92.1 , 112.0 , -1.38 
128,임창민,22두, 0.19 , 32 , 0 , 0 , 0 , 0 , 0 , 2 , 6 , 27.1 , 15 , 12 , 124 , 26 , 1 , 0 , 3 , 10 , 0 , 3 , 21 , 0 , 1 , 3.95 , 4.66 , 1.32 , 100.7 , 84.9 , -1.35 
129,윤중현,22K, 0.18 , 47 , 0 , 0 , 0 , 3 , 1 , 0 , 5 , 53.2 , 32 , 30 , 240 , 63 , 8 , 0 , 4 , 14 , 0 , 5 , 27 , 0 , 1 , 5.03 , 4.36 , 1.44 , 81.0 , 93.9 , -0.65 
130,최충연,22삼, 0.18 , 38 , 0 , 0 , 0 , 0 , 1 , 0 , 0 , 38.1 , 24 , 20 , 177 , 39 , 10 , 1 , 3 , 20 , 3 , 5 , 29 , 0 , 3 , 4.70 , 4.56 , 1.54 , 88.9 , 90.0 , -0.29 
131,조원태,22L, 0.18 , 2 , 0 , 0 , 0 , 0 , 0 , 0 , 0 , 4.0 , 0 , 0 , 14 , 1 , 0 , 0 , 0 , 2 , 0 , 1 , 0 , 0 , 0 , 0.00 , 5.59 , 0.75 ,  , 73.0 , 0.02 
132,장지수,22K, 0.15 , 1 , 0 , 0 , 0 , 0 , 0 , 0 , 0 , 2.0 , 0 , 0 , 9 , 2 , 0 , 0 , 0 , 1 , 0 , 0 , 1 , 0 , 1 , 0.00 , 3.84 , 1.50 ,  , 106.5 , 0.12 
133,조민석,22N, 0.14 , 18 , 0 , 0 , 0 , 0 , 1 , 0 , 0 , 16.0 , 9 , 8 , 76 , 17 , 1 , 0 , 2 , 12 , 0 , 2 , 14 , 0 , 2 , 4.50 , 5.84 , 1.81 , 90.5 , 70.4 , -0.33 
134,윤호솔,22한, 0.13 , 52 , 0 , 0 , 0 , 3 , 5 , 0 , 7 , 42.1 , 26 , 19 , 199 , 43 , 6 , 1 , 2 , 28 , 2 , 0 , 33 , 0 , 3 , 4.04 , 4.24 , 1.68 , 100.2 , 96.2 , -0.91 
135,이영준,22키, 0.13 , 26 , 0 , 0 , 0 , 2 , 2 , 0 , 4 , 21.0 , 12 , 10 , 102 , 27 , 2 , 0 , 0 , 13 , 1 , 2 , 16 , 0 , 1 , 4.29 , 3.81 , 1.91 , 93.3 , 105.7 , -1.38 
136,김대우,22롯, 0.12 , 10 , 0 , 0 , 0 , 0 , 0 , 0 , 1 , 10.0 , 5 , 5 , 43 , 6 , 2 , 1 , 0 , 8 , 0 , 0 , 8 , 0 , 4 , 4.50 , 4.14 , 1.40 , 92.5 , 99.2 , -0.07 
137,임준섭,22한, 0.11 , 5 , 0 , 0 , 0 , 0 , 0 , 0 , 0 , 3.2 , 1 , 1 , 18 , 5 , 1 , 0 , 0 , 1 , 0 , 1 , 0 , 0 , 2 , 2.45 , 4.98 , 1.64 , 164.9 , 82.1 , -0.03 
138,박주혁,22삼, 0.10 , 8 , 0 , 0 , 0 , 0 , 0 , 0 , 0 , 6.2 , 3 , 1 , 29 , 5 , 0 , 0 , 1 , 4 , 0 , 0 , 3 , 0 , 1 , 1.35 , 6.19 , 1.35 , 309.2 , 67.0 , -0.03 
139,류진욱,22N, 0.10 , 51 , 0 , 0 , 0 , 4 , 2 , 0 , 4 , 46.1 , 29 , 25 , 214 , 48 , 7 , 1 , 2 , 31 , 0 , 4 , 37 , 1 , 3 , 4.86 , 4.57 , 1.71 , 83.9 , 89.8 , -0.45 
140,오석주,22L, 0.10 , 4 , 0 , 0 , 0 , 0 , 0 , 0 , 0 , 3.2 , 1 , 1 , 15 , 4 , 0 , 1 , 1 , 0 , 0 , 0 , 2 , 0 , 0 , 2.45 , 5.79 , 1.09 , 161.9 , 65.8 , -0.15 
141,강효종,22L, 0.09 , 1 , 0 , 0 , 1 , 1 , 0 , 0 , 0 , 5.0 , 2 , 2 , 22 , 5 , 0 , 0 , 0 , 4 , 0 , 0 , 4 , 0 , 0 , 3.60 , 4.14 , 1.80 , 110.4 , 99.0 , 0.05 
142,이병헌,22두, 0.09 , 9 , 0 , 0 , 0 , 0 , 0 , 0 , 0 , 5.0 , 2 , 2 , 28 , 5 , 1 , 0 , 0 , 7 , 0 , 1 , 5 , 0 , 2 , 3.60 , 6.14 , 2.40 , 110.5 , 66.7 , -0.06 
143,문경찬,22롯, 0.09 , 38 , 0 , 0 , 0 , 1 , 2 , 0 , 1 , 40.1 , 27 , 26 , 184 , 51 , 11 , 0 , 7 , 13 , 1 , 1 , 31 , 1 , 2 , 5.80 , 5.02 , 1.59 , 71.7 , 80.5 , -0.46 
144,전사민,22N, 0.09 , 7 , 0 , 0 , 0 , 0 , 0 , 0 , 0 , 8.1 , 4 , 3 , 34 , 5 , 0 , 0 , 1 , 6 , 0 , 0 , 2 , 0 , 0 , 3.24 , 6.58 , 1.32 , 125.7 , 62.5 , -0.04 
145,이정현,22K, 0.09 , 3 , 0 , 0 , 0 , 0 , 0 , 0 , 0 , 3.2 , 1 , 1 , 18 , 3 , 0 , 0 , 1 , 4 , 0 , 1 , 1 , 0 , 0 , 2.45 , 10.43 , 1.91 , 167.8 , 38.9 , 0.01 
146,박웅,22두, 0.09 , 8 , 0 , 0 , 0 , 0 , 0 , 0 , 0 , 6.0 , 3 , 3 , 33 , 7 , 0 , 0 , 0 , 7 , 0 , 0 , 3 , 0 , 0 , 4.50 , 5.84 , 2.33 , 88.4 , 70.1 , 0.04 
147,백정현,22삼, 0.08 , 24 , 0 , 0 , 24 , 4 , 13 , 0 , 0 , 124.2 , 76 , 72 , 562 , 154 , 27 , 2 , 22 , 37 , 1 , 9 , 70 , 0 , 9 , 5.20 , 5.59 , 1.53 , 80.3 , 74.6 , -1.38 
148,이상우,22K, 0.07 , 2 , 0 , 0 , 0 , 0 , 0 , 0 , 0 , 3.1 , 1 , 1 , 14 , 3 , 1 , 0 , 0 , 2 , 0 , 0 , 1 , 0 , 0 , 2.70 , 4.54 , 1.50 , 152.5 , 89.3 , -0.01 
149,이승재,22K, 0.07 , 1 , 0 , 0 , 0 , 0 , 0 , 0 , 0 , 1.0 , 0 , 0 , 4 , 0 , 0 , 0 , 0 , 0 , 0 , 1 , 1 , 0 , 0 , 0.00 , 4.34 , 0.00 ,  , 94.3 , 0.07 
150,안영명,22K, 0.07 , 4 , 0 , 0 , 0 , 0 , 0 , 0 , 0 , 3.1 , 1 , 1 , 13 , 3 , 1 , 0 , 0 , 0 , 0 , 0 , 1 , 0 , 0 , 2.70 , 2.74 , 0.90 , 152.5 , 149.1 , -0.00 
151,손주영,22L, 0.07 , 3 , 0 , 0 , 3 , 0 , 1 , 0 , 0 , 12.2 , 7 , 7 , 58 , 10 , 3 , 1 , 0 , 8 , 0 , 3 , 8 , 0 , 0 , 4.97 , 4.68 , 1.42 , 79.9 , 87.2 , -0.09 
152,김태오,22K, 0.07 , 5 , 0 , 0 , 0 , 0 , 0 , 0 , 0 , 4.1 , 2 , 2 , 22 , 9 , 0 , 0 , 0 , 0 , 0 , 0 , 5 , 0 , 0 , 4.15 , 1.03 , 2.08 , 99.1 , 402.0 , -0.05 
153,김주완,22L, 0.05 , 1 , 0 , 0 , 0 , 0 , 0 , 0 , 0 , 1.0 , 0 , 0 , 5 , 1 , 0 , 0 , 0 , 1 , 0 , 0 , 0 , 0 , 0 , 0.00 , 6.34 , 2.00 ,  , 64.5 , 0.03 
154,이수민,22삼, 0.04 , 4 , 0 , 0 , 0 , 0 , 0 , 0 , 0 , 4.2 , 3 , 3 , 23 , 3 , 0 , 0 , 1 , 5 , 0 , 1 , 2 , 0 , 0 , 5.79 , 9.12 , 1.71 , 72.2 , 45.4 , -0.10 
155,이대호,22롯, 0.04 , 1 , 0 , 0 , 0 , 0 , 0 , 0 , 1 , 0.1 , 0 , 0 , 1 , 0 , 0 , 0 , 0 , 0 , 0 , 0 , 0 , 0 , 0 , 0.00 , 3.34 , 0.00 ,  , 122.1 , 0.05 
156,양현,22키, 0.04 , 25 , 0 , 0 , 0 , 3 , 2 , 2 , 5 , 36.2 , 23 , 21 , 167 , 39 , 5 , 0 , 4 , 17 , 2 , 1 , 14 , 0 , 1 , 5.15 , 5.30 , 1.53 , 77.6 , 74.7 , -0.73 
157,지명성,22K, 0.04 , 2 , 0 , 0 , 0 , 0 , 0 , 0 , 0 , 2.0 , 1 , 1 , 10 , 3 , 0 , 0 , 0 , 0 , 0 , 1 , 1 , 0 , 1 , 4.50 , 3.84 , 1.50 , 91.5 , 105.1 , 0.00 
158,김현수,22K, 0.04 , 1 , 0 , 0 , 0 , 0 , 0 , 0 , 0 , 2.0 , 1 , 1 , 9 , 3 , 1 , 0 , 0 , 1 , 0 , 0 , 1 , 0 , 0 , 4.50 , 3.84 , 2.00 , 90.6 , 106.5 , -0.00 
159,이명종,22키, 0.03 , 27 , 0 , 0 , 0 , 4 , 1 , 0 , 4 , 27.1 , 17 , 16 , 126 , 28 , 4 , 0 , 3 , 16 , 1 , 2 , 20 , 0 , 1 , 5.27 , 5.17 , 1.61 , 75.9 , 76.3 , -0.10 
160,장필준,22삼, 0.03 , 19 , 0 , 0 , 1 , 0 , 3 , 0 , 0 , 30.0 , 20 , 19 , 139 , 38 , 11 , 1 , 1 , 15 , 2 , 3 , 17 , 0 , 1 , 5.70 , 4.24 , 1.77 , 73.2 , 96.3 , -1.20 
161,박동수,22N, 0.03 , 10 , 0 , 0 , 0 , 0 , 0 , 0 , 0 , 14.2 , 10 , 9 , 74 , 11 , 3 , 0 , 0 , 21 , 0 , 1 , 15 , 0 , 1 , 5.52 , 5.79 , 2.18 , 73.7 , 71.0 , 0.04 
162,송윤준,22한, 0.03 , 3 , 0 , 0 , 0 , 0 , 0 , 0 , 0 , 4.1 , 3 , 3 , 21 , 3 , 0 , 1 , 0 , 2 , 0 , 2 , 3 , 0 , 0 , 6.23 , 4.72 , 1.15 , 65.0 , 86.4 , 0.01 
163,조현우,22K, 0.02 , 19 , 0 , 0 , 0 , 0 , 0 , 0 , 2 , 12.0 , 8 , 6 , 57 , 14 , 3 , 1 , 0 , 4 , 0 , 4 , 5 , 0 , 0 , 4.50 , 4.51 , 1.50 , 91.5 , 89.6 , -0.09 
164,조무근,22롯, 0.02 , 2 , 0 , 0 , 0 , 0 , 0 , 0 , 0 , 2.0 , 1 , 1 , 9 , 2 , 1 , 0 , 0 , 1 , 0 , 0 , 1 , 0 , 0 , 4.50 , 3.84 , 1.50 , 92.5 , 106.7 , 0.00 
165,노건우,22삼, 0.02 , 3 , 0 , 0 , 0 , 0 , 0 , 0 , 0 , 2.0 , 1 , 1 , 11 , 2 , 0 , 0 , 0 , 3 , 0 , 0 , 2 , 0 , 0 , 4.50 , 5.84 , 2.50 , 92.8 , 69.1 , -0.09 
166,송승기,22L, 0.02 , 7 , 0 , 0 , 0 , 0 , 1 , 0 , 0 , 8.1 , 5 , 5 , 40 , 9 , 2 , 0 , 1 , 6 , 0 , 0 , 10 , 0 , 1 , 5.40 , 4.66 , 1.80 , 73.6 , 84.7 , -0.31 
167,권휘,22두, 0.02 , 10 , 0 , 0 , 0 , 0 , 0 , 0 , 1 , 9.1 , 6 , 6 , 40 , 8 , 0 , 0 , 1 , 5 , 0 , 1 , 5 , 0 , 2 , 5.79 , 5.59 , 1.39 , 68.8 , 71.1 , 0.02 
168,하준수,22N, 0.02 , 2 , 0 , 0 , 0 , 0 , 0 , 0 , 0 , 3.0 , 2 , 2 , 15 , 3 , 1 , 0 , 0 , 3 , 0 , 0 , 1 , 0 , 0 , 6.00 , 5.67 , 2.00 , 67.9 , 72.4 , -0.00 
169,박정준,22삼, 0.02 , 8 , 0 , 0 , 0 , 0 , 0 , 0 , 0 , 10.0 , 7 , 7 , 45 , 10 , 2 , 0 , 2 , 5 , 0 , 1 , 4 , 0 , 0 , 6.30 , 6.94 , 1.50 , 66.3 , 60.0 , -0.01 
170,김유영,22롯, 0.02 , 68 , 0 , 0 , 0 , 5 , 2 , 0 , 13 , 51.0 , 34 , 32 , 254 , 72 , 15 , 1 , 4 , 30 , 2 , 3 , 44 , 0 , 4 , 5.65 , 4.46 , 2.00 , 73.7 , 91.5 , -0.88 
171,김창훈,22롯, 0.01 , 1 , 0 , 0 , 0 , 0 , 0 , 0 , 0 , 1.2 , 1 , 1 , 8 , 3 , 1 , 0 , 0 , 0 , 0 , 0 , 2 , 0 , 0 , 5.40 , 0.94 , 1.80 , 77.1 , 447.3 , 0.00 
172,박세웅,22삼, 0.01 , 5 , 0 , 0 , 0 , 0 , 0 , 0 , 0 , 2.2 , 2 , 2 , 14 , 1 , 0 , 0 , 0 , 5 , 0 , 1 , 2 , 0 , 0 , 6.75 , 8.59 , 2.25 , 61.8 , 46.9 , -0.07 
173,문승원,22S, 0.01 , 23 , 0 , 0 , 0 , 1 , 1 , 3 , 3 , 24.2 , 15 , 14 , 112 , 32 , 6 , 0 , 3 , 7 , 0 , 2 , 25 , 0 , 0 , 5.11 , 3.99 , 1.58 , 81.5 , 106.0 , -0.46 
174,장재혁,22K, 0.00 , 3 , 0 , 0 , 0 , 0 , 0 , 0 , 0 , 3.0 , 2 , 2 , 15 , 3 , 0 , 0 , 0 , 3 , 0 , 0 , 4 , 0 , 3 , 6.00 , 3.67 , 2.00 , 67.9 , 111.6 , -0.02 
175,문동주,22한, -0.00 , 13 , 0 , 0 , 4 , 1 , 3 , 0 , 2 , 28.2 , 19 , 18 , 127 , 28 , 5 , 1 , 5 , 14 , 0 , 1 , 36 , 1 , 2 , 5.65 , 4.66 , 1.47 , 71.6 , 87.3 , 0.23 
176,김도현,22한K, -0.01 , 5 , 0 , 0 , 2 , 0 , 1 , 0 , 0 , 10.2 , 9 , 9 , 52 , 17 , 2 , 0 , 2 , 5 , 0 , 1 , 11 , 0 , 1 , 7.59 , 5.40 , 2.06 , 53.4 , 75.5 , -0.38 
177,정성종,22롯, -0.04 , 5 , 0 , 0 , 0 , 0 , 0 , 0 , 0 , 4.1 , 4 , 2 , 21 , 4 , 1 , 0 , 0 , 4 , 0 , 0 , 5 , 0 , 0 , 4.15 , 3.80 , 1.85 , 100.2 , 108.3 , 0.01 
178,윤태현,22S, -0.05 , 3 , 0 , 0 , 0 , 0 , 0 , 0 , 0 , 2.0 , 2 , 2 , 10 , 2 , 0 , 0 , 0 , 2 , 0 , 0 , 2 , 1 , 0 , 9.00 , 4.34 , 2.00 , 46.2 , 95.5 , -0.27 
179,박주성,22키, -0.05 , 11 , 0 , 0 , 0 , 1 , 1 , 0 , 0 , 13.0 , 9 , 8 , 61 , 11 , 5 , 0 , 4 , 7 , 1 , 3 , 8 , 0 , 0 , 5.54 , 8.18 , 1.39 , 72.2 , 47.5 , -0.37 
180,정성곤,22S, -0.05 , 2 , 0 , 0 , 0 , 0 , 0 , 0 , 0 , 2.2 , 3 , 3 , 13 , 1 , 0 , 0 , 1 , 3 , 0 , 1 , 3 , 0 , 0 , 10.13 , 10.46 , 1.50 , 41.1 , 40.4 , -0.06 
181,김규연,22한, -0.05 , 12 , 0 , 0 , 0 , 0 , 0 , 0 , 1 , 13.2 , 11 , 8 , 70 , 16 , 5 , 0 , 2 , 12 , 0 , 0 , 11 , 0 , 2 , 5.27 , 6.27 , 2.05 , 76.8 , 65.0 , 0.06 
182,진명호,22롯, -0.05 , 16 , 0 , 0 , 0 , 0 , 0 , 0 , 0 , 16.1 , 12 , 11 , 80 , 23 , 4 , 0 , 1 , 9 , 0 , 2 , 11 , 0 , 1 , 6.06 , 4.81 , 1.96 , 68.7 , 84.8 , -0.26 
183,박준표,22K, -0.05 , 34 , 0 , 0 , 0 , 1 , 0 , 0 , 8 , 23.1 , 15 , 14 , 112 , 27 , 4 , 0 , 4 , 10 , 3 , 8 , 11 , 0 , 0 , 5.40 , 6.55 , 1.59 , 75.5 , 62.2 , -0.01 
184,정구범,22N, -0.05 , 2 , 0 , 0 , 0 , 0 , 0 , 0 , 0 , 1.1 , 2 , 2 , 6 , 1 , 0 , 0 , 1 , 1 , 0 , 0 , 2 , 0 , 0 , 13.50 , 12.34 , 1.50 , 30.2 , 33.5 , -0.01 
185,이현승,22두, -0.05 , 23 , 0 , 0 , 0 , 1 , 0 , 0 , 2 , 8.2 , 6 , 6 , 43 , 13 , 1 , 2 , 2 , 4 , 0 , 1 , 9 , 0 , 0 , 6.23 , 5.99 , 1.96 , 63.9 , 64.6 , -0.70 
186,신헌민,22S, -0.06 , 1 , 0 , 0 , 0 , 0 , 0 , 0 , 0 , 1.0 , 2 , 1 , 5 , 3 , 0 , 0 , 0 , 0 , 0 , 0 , 1 , 0 , 0 , 9.00 , 1.34 , 3.00 , 46.2 , 310.8 , -0.01 
187,박시후,22S, -0.06 , 2 , 0 , 0 , 0 , 0 , 0 , 0 , 0 , 1.0 , 2 , 2 , 6 , 3 , 1 , 0 , 0 , 0 , 0 , 0 , 0 , 0 , 0 , 18.00 , 3.34 , 3.00 , 23.1 , 122.1 , -0.01 
188,전영준,22S, -0.07 , 4 , 0 , 0 , 1 , 0 , 0 , 0 , 0 , 5.0 , 4 , 4 , 25 , 7 , 2 , 0 , 2 , 3 , 0 , 1 , 7 , 0 , 1 , 7.20 , 8.14 , 2.00 , 57.8 , 52.6 , 0.05 
189,강윤구,22롯, -0.07 , 29 , 0 , 0 , 0 , 0 , 0 , 0 , 0 , 21.1 , 17 , 13 , 97 , 25 , 6 , 1 , 0 , 6 , 0 , 1 , 27 , 0 , 0 , 5.48 , 1.79 , 1.45 , 75.9 , 231.8 , 0.01 
190,한승주,22한, -0.08 , 7 , 0 , 0 , 2 , 0 , 0 , 0 , 0 , 15.2 , 11 , 11 , 76 , 25 , 3 , 0 , 0 , 4 , 0 , 3 , 12 , 0 , 0 , 6.32 , 3.15 , 1.85 , 64.1 , 129.5 , -0.11 
191,김서준,22삼, -0.09 , 3 , 0 , 0 , 0 , 0 , 0 , 0 , 0 , 2.2 , 4 , 3 , 19 , 6 , 2 , 0 , 1 , 4 , 0 , 1 , 2 , 0 , 0 , 10.13 , 12.34 , 3.75 , 41.2 , 33.7 , -0.02 
192,김지용,22두, -0.09 , 18 , 0 , 0 , 0 , 1 , 0 , 0 , 0 , 19.1 , 14 , 13 , 82 , 19 , 3 , 0 , 5 , 5 , 0 , 1 , 13 , 0 , 1 , 6.05 , 6.29 , 1.24 , 65.8 , 61.3 , -0.53 
193,박윤철,22한, -0.09 , 11 , 0 , 0 , 7 , 0 , 3 , 0 , 0 , 33.1 , 22 , 17 , 164 , 41 , 7 , 0 , 5 , 23 , 0 , 2 , 16 , 1 , 2 , 4.59 , 6.58 , 1.92 , 88.2 , 62.0 , -0.70 
194,이도윤,22한, -0.10 , 2 , 0 , 0 , 0 , 0 , 0 , 0 , 0 , 1.1 , 3 , 3 , 8 , 4 , 3 , 0 , 0 , 0 , 0 , 0 , 0 , 0 , 0 , 20.25 , 3.34 , 3.00 , 20.0 , 122.1 , 0.00 
195,박치국,22두, -0.10 , 15 , 0 , 0 , 0 , 1 , 2 , 0 , 3 , 11.2 , 8 , 7 , 51 , 6 , 0 , 0 , 0 , 9 , 1 , 3 , 12 , 0 , 1 , 5.40 , 4.11 , 1.29 , 73.7 , 99.9 , 0.05 
196,임찬규,22L, -0.10 , 23 , 0 , 0 , 23 , 6 , 11 , 0 , 0 , 103.2 , 60 , 58 , 459 , 113 , 13 , 3 , 10 , 39 , 0 , 7 , 75 , 0 , 3 , 5.04 , 4.48 , 1.47 , 78.9 , 88.4 , -0.78 
197,전유수,22K, -0.10 , 8 , 0 , 0 , 0 , 0 , 0 , 0 , 0 , 11.0 , 10 , 10 , 54 , 17 , 6 , 0 , 1 , 5 , 0 , 0 , 2 , 0 , 0 , 8.18 , 5.52 , 2.00 , 50.3 , 73.6 , -0.04 
198,최승용,22두, -0.10 , 48 , 0 , 0 , 15 , 3 , 7 , 0 , 5 , 93.1 , 59 , 55 , 423 , 104 , 15 , 4 , 8 , 43 , 0 , 2 , 64 , 1 , 1 , 5.30 , 4.53 , 1.58 , 75.0 , 87.9 , -0.30 
199,홍상삼,22K, -0.10 , 24 , 0 , 0 , 0 , 2 , 1 , 0 , 1 , 21.2 , 16 , 14 , 100 , 19 , 7 , 0 , 3 , 15 , 0 , 1 , 19 , 0 , 1 , 5.82 , 5.60 , 1.57 , 70.1 , 73.3 , -0.41 
200,김종수,22한, -0.10 , 52 , 0 , 0 , 0 , 3 , 4 , 1 , 6 , 45.0 , 30 , 22 , 197 , 39 , 15 , 1 , 5 , 21 , 1 , 2 , 45 , 1 , 1 , 4.40 , 4.25 , 1.33 , 92.0 , 95.9 , -1.98 
201,이건욱,22S, -0.11 , 1 , 0 , 0 , 1 , 0 , 1 , 0 , 0 , 3.0 , 3 , 3 , 14 , 2 , 0 , 0 , 1 , 4 , 0 , 0 , 2 , 0 , 0 , 9.00 , 10.34 , 2.00 , 46.2 , 40.6 , -0.18 
202,김주온,22S, -0.11 , 5 , 0 , 0 , 0 , 0 , 0 , 0 , 0 , 4.0 , 5 , 5 , 20 , 3 , 1 , 0 , 1 , 5 , 0 , 0 , 4 , 0 , 0 , 11.25 , 8.34 , 2.00 , 37.0 , 50.5 , -0.07 
203,주승우,22키, -0.11 , 4 , 0 , 0 , 1 , 0 , 0 , 0 , 0 , 3.1 , 5 , 4 , 23 , 5 , 0 , 0 , 1 , 7 , 0 , 0 , 4 , 0 , 0 , 10.80 , 11.14 , 3.60 , 37.0 , 35.1 , -0.07 
204,김건우,22S, -0.12 , 2 , 0 , 0 , 1 , 0 , 0 , 0 , 0 , 3.0 , 3 , 3 , 17 , 5 , 1 , 0 , 1 , 4 , 0 , 0 , 1 , 0 , 0 , 9.00 , 11.01 , 3.00 , 46.2 , 38.1 , -0.20 
205,나원탁,22롯, -0.13 , 7 , 0 , 0 , 0 , 0 , 0 , 0 , 0 , 6.0 , 7 , 6 , 34 , 9 , 1 , 0 , 1 , 5 , 0 , 2 , 8 , 0 , 0 , 9.00 , 6.34 , 2.33 , 46.2 , 64.2 , -0.02 
206,김상수,22S, -0.13 , 8 , 0 , 0 , 0 , 0 , 0 , 1 , 0 , 8.0 , 8 , 8 , 37 , 9 , 2 , 1 , 2 , 4 , 0 , 1 , 3 , 0 , 0 , 9.00 , 7.71 , 1.63 , 46.2 , 54.5 , 0.06 
207,송정인,22키, -0.14 , 1 , 0 , 0 , 0 , 0 , 0 , 0 , 0 , 2.0 , 5 , 5 , 13 , 4 , 2 , 0 , 0 , 3 , 0 , 0 , 0 , 0 , 0 , 22.50 , 7.84 , 3.50 , 17.8 , 51.6 , -0.00 
208,더모디,22N, -0.14 , 8 , 0 , 0 , 8 , 3 , 5 , 0 , 0 , 39.2 , 27 , 20 , 179 , 42 , 8 , 0 , 3 , 13 , 0 , 7 , 37 , 0 , 1 , 4.54 , 3.97 , 1.39 , 89.8 , 103.3 , -0.81 
209,이승관,22한, -0.14 , 7 , 0 , 0 , 0 , 0 , 0 , 0 , 0 , 5.1 , 6 , 6 , 28 , 8 , 1 , 0 , 0 , 4 , 0 , 1 , 3 , 0 , 0 , 10.13 , 5.03 , 2.25 , 40.0 , 81.1 , 0.00 
210,이재학,22N, -0.14 , 26 , 0 , 0 , 17 , 3 , 8 , 0 , 0 , 91.0 , 56 , 48 , 406 , 75 , 14 , 2 , 5 , 54 , 0 , 8 , 72 , 1 , 6 , 4.75 , 4.51 , 1.42 , 85.8 , 90.9 , -0.27 
211,최하늘,22삼, -0.15 , 14 , 0 , 0 , 5 , 1 , 4 , 0 , 1 , 33.2 , 23 , 23 , 156 , 42 , 5 , 0 , 5 , 15 , 0 , 2 , 18 , 1 , 0 , 6.15 , 5.71 , 1.69 , 67.9 , 72.6 , -0.32 
212,하영민,22키, -0.15 , 41 , 0 , 0 , 0 , 5 , 3 , 0 , 2 , 39.1 , 27 , 15 , 178 , 35 , 8 , 2 , 4 , 21 , 0 , 0 , 23 , 0 , 2 , 3.43 , 5.09 , 1.42 , 116.5 , 77.6 , -0.53 
213,최지강,22두, -0.16 , 2 , 0 , 0 , 0 , 0 , 0 , 0 , 0 , 1.2 , 4 , 4 , 11 , 6 , 1 , 0 , 0 , 2 , 0 , 0 , 2 , 0 , 1 , 21.60 , 4.54 , 4.80 , 18.4 , 90.4 , -0.06 
214,허준혁,22L, -0.16 , 6 , 0 , 0 , 0 , 0 , 0 , 0 , 0 , 4.2 , 6 , 5 , 27 , 11 , 1 , 1 , 3 , 2 , 0 , 0 , 4 , 0 , 0 , 9.64 , 11.27 , 2.79 , 41.2 , 33.4 , -0.04 
215,장재영,22키, -0.17 , 14 , 0 , 0 , 0 , 0 , 0 , 0 , 0 , 14.0 , 12 , 12 , 70 , 23 , 4 , 0 , 2 , 7 , 0 , 1 , 19 , 0 , 1 , 7.71 , 4.20 , 2.14 , 51.8 , 92.0 , -0.12 
216,신재영,22S, -0.17 , 4 , 0 , 0 , 0 , 0 , 0 , 0 , 0 , 4.1 , 6 , 6 , 21 , 9 , 2 , 0 , 2 , 0 , 0 , 0 , 4 , 0 , 1 , 12.46 , 7.49 , 2.08 , 33.4 , 57.4 , -0.04 
217,이충호,22한, -0.17 , 5 , 0 , 0 , 0 , 1 , 0 , 0 , 0 , 4.2 , 5 , 5 , 27 , 7 , 1 , 0 , 1 , 5 , 0 , 1 , 4 , 0 , 1 , 9.64 , 8.27 , 2.57 , 42.0 , 49.3 , -0.16 
218,김민기,22롯, -0.17 , 1 , 0 , 0 , 0 , 0 , 0 , 0 , 0 , 0.2 , 5 , 5 , 8 , 6 , 2 , 0 , 1 , 1 , 0 , 0 , 0 , 0 , 0 , 67.50 , 27.34 , 10.50 , 6.2 , 14.6 , -0.00 
219,김동주,22두, -0.18 , 10 , 0 , 0 , 0 , 0 , 0 , 0 , 0 , 16.2 , 14 , 14 , 85 , 23 , 1 , 0 , 5 , 9 , 0 , 0 , 13 , 0 , 2 , 7.56 , 7.30 , 1.92 , 52.6 , 52.8 , 0.06 
220,김유신,22K, -0.18 , 10 , 0 , 0 , 0 , 1 , 0 , 0 , 0 , 14.2 , 11 , 10 , 70 , 9 , 4 , 0 , 3 , 16 , 0 , 0 , 9 , 0 , 0 , 6.14 , 8.04 , 1.71 , 66.4 , 51.0 , 0.02 
221,강동연,22N, -0.18 , 6 , 0 , 0 , 0 , 0 , 0 , 0 , 0 , 8.2 , 10 , 10 , 44 , 16 , 5 , 1 , 2 , 3 , 0 , 1 , 3 , 0 , 1 , 10.38 , 7.03 , 2.19 , 39.2 , 58.6 , -0.04 
222,김선기,22키, -0.20 , 26 , 0 , 0 , 2 , 3 , 1 , 1 , 4 , 36.2 , 24 , 21 , 167 , 39 , 9 , 0 , 1 , 19 , 1 , 2 , 30 , 0 , 1 , 5.15 , 3.69 , 1.58 , 77.6 , 108.2 , -0.02 
223,송후섭,22K, -0.21 , 1 , 0 , 0 , 0 , 0 , 0 , 0 , 0 , 0.1 , 6 , 6 , 7 , 4 , 1 , 0 , 0 , 1 , 0 , 1 , 0 , 0 , 0 , 162.00 , 21.34 , 15.00 , 2.5 , 19.2 , 0.00 
224,미란다,22두, -0.21 , 3 , 0 , 0 , 3 , 0 , 0 , 0 , 0 , 7.2 , 7 , 7 , 43 , 2 , 2 , 0 , 0 , 18 , 0 , 1 , 8 , 0 , 1 , 8.22 , 8.69 , 2.61 , 48.4 , 47.2 , -0.28 
225,류희운,22K한, -0.21 , 15 , 0 , 0 , 0 , 0 , 1 , 0 , 0 , 11.2 , 11 , 11 , 56 , 15 , 1 , 0 , 2 , 7 , 0 , 2 , 10 , 0 , 2 , 8.49 , 6.17 , 1.89 , 48.1 , 66.0 , -0.55 
226,김기중,22한, -0.21 , 5 , 0 , 0 , 3 , 0 , 2 , 0 , 0 , 12.0 , 10 , 8 , 63 , 14 , 2 , 0 , 4 , 11 , 0 , 1 , 8 , 0 , 0 , 6.00 , 9.34 , 2.08 , 67.5 , 43.7 , -0.58 
227,진승현,22롯, -0.22 , 10 , 0 , 0 , 0 , 0 , 0 , 0 , 0 , 9.0 , 9 , 9 , 48 , 12 , 2 , 0 , 2 , 7 , 0 , 1 , 11 , 0 , 1 , 9.00 , 6.45 , 2.11 , 46.2 , 62.9 , 0.11 
228,이우석,22N, -0.22 , 3 , 0 , 0 , 0 , 0 , 1 , 0 , 0 , 1.2 , 4 , 4 , 11 , 1 , 0 , 0 , 0 , 3 , 0 , 2 , 1 , 0 , 0 , 21.60 , 11.14 , 2.40 , 18.9 , 36.8 , -0.19 
229,김진호,22N, -0.23 , 36 , 0 , 0 , 0 , 4 , 0 , 1 , 0 , 42.2 , 30 , 29 , 196 , 53 , 6 , 0 , 7 , 20 , 0 , 1 , 35 , 0 , 10 , 6.12 , 5.31 , 1.71 , 66.6 , 77.6 , -0.76 
230,임대한,22삼, -0.23 , 12 , 0 , 0 , 0 , 2 , 1 , 0 , 1 , 13.2 , 11 , 8 , 65 , 12 , 5 , 0 , 1 , 9 , 2 , 1 , 8 , 0 , 1 , 5.27 , 4.88 , 1.54 , 79.2 , 84.3 , -0.66 
231,김사윤,22K, -0.23 , 31 , 0 , 0 , 0 , 3 , 0 , 0 , 2 , 27.0 , 21 , 21 , 128 , 23 , 5 , 2 , 2 , 24 , 0 , 4 , 23 , 0 , 3 , 7.00 , 5.71 , 1.74 , 58.2 , 71.8 , -0.25 
232,송명기,22N, -0.23 , 25 , 0 , 0 , 22 , 5 , 7 , 0 , 0 , 107.2 , 67 , 54 , 496 , 116 , 21 , 4 , 14 , 54 , 0 , 15 , 106 , 0 , 9 , 4.51 , 4.98 , 1.58 , 90.2 , 82.5 , -0.51 
233,정찬헌,22키, -0.24 , 20 , 0 , 0 , 20 , 5 , 6 , 0 , 0 , 87.1 , 55 , 52 , 390 , 106 , 21 , 0 , 13 , 28 , 2 , 6 , 42 , 0 , 3 , 5.36 , 5.41 , 1.53 , 74.6 , 72.6 , -1.37 
234,스파크맨,22롯, -0.24 , 19 , 0 , 0 , 19 , 2 , 4 , 0 , 0 , 84.2 , 55 , 50 , 386 , 97 , 14 , 1 , 6 , 43 , 1 , 4 , 89 , 0 , 5 , 5.31 , 3.79 , 1.65 , 78.3 , 107.8 , -0.88 
235,이재익,22삼, -0.26 , 42 , 0 , 0 , 0 , 3 , 2 , 0 , 7 , 33.1 , 25 , 22 , 149 , 41 , 7 , 0 , 4 , 9 , 0 , 1 , 21 , 0 , 0 , 5.94 , 4.54 , 1.50 , 70.3 , 91.5 , -0.78 
236,김태훈,22S, -0.26 , 9 , 0 , 0 , 0 , 0 , 0 , 1 , 2 , 5.1 , 6 , 6 , 30 , 6 , 1 , 0 , 2 , 10 , 0 , 0 , 1 , 0 , 0 , 10.13 , 13.46 , 3.00 , 41.1 , 31.0 , -0.11 
237,김현준,22K, -0.27 , 12 , 0 , 0 , 0 , 0 , 1 , 0 , 0 , 14.2 , 14 , 9 , 72 , 19 , 7 , 0 , 0 , 5 , 2 , 2 , 9 , 0 , 0 , 5.52 , 3.13 , 1.64 , 73.8 , 128.6 , -0.42 
238,최지민,22K, -0.27 , 6 , 0 , 0 , 0 , 0 , 0 , 0 , 0 , 6.0 , 9 , 9 , 36 , 12 , 2 , 0 , 1 , 5 , 0 , 1 , 7 , 0 , 1 , 13.50 , 6.17 , 2.83 , 30.2 , 66.6 , -0.15 
239,남하준,22K, -0.28 , 11 , 0 , 0 , 0 , 1 , 1 , 0 , 1 , 10.1 , 11 , 10 , 55 , 18 , 4 , 0 , 4 , 6 , 0 , 1 , 6 , 0 , 1 , 8.71 , 9.24 , 2.32 , 46.8 , 44.5 , -0.38 
240,이강준,22롯, -0.28 , 13 , 0 , 0 , 0 , 0 , 0 , 0 , 1 , 9.2 , 11 , 11 , 57 , 9 , 0 , 0 , 1 , 20 , 0 , 0 , 6 , 0 , 1 , 10.24 , 9.65 , 3.00 , 40.6 , 42.3 , -0.15 
241,이승헌,22롯, -0.29 , 1 , 0 , 0 , 1 , 0 , 1 , 0 , 0 , 0.2 , 4 , 4 , 8 , 3 , 2 , 0 , 0 , 3 , 0 , 0 , 1 , 0 , 1 , 54.00 , 13.84 , 9.00 , 7.7 , 29.6 , -0.33 
242,임준형,22L, -0.31 , 10 , 0 , 0 , 5 , 1 , 3 , 0 , 1 , 30.0 , 22 , 20 , 140 , 36 , 4 , 0 , 2 , 14 , 0 , 3 , 26 , 0 , 1 , 6.00 , 4.17 , 1.67 , 66.2 , 95.7 , -0.96 
243,이창재,22K, -0.32 , 4 , 0 , 0 , 0 , 0 , 1 , 0 , 0 , 1.1 , 5 , 5 , 12 , 5 , 1 , 0 , 0 , 2 , 0 , 1 , 2 , 0 , 0 , 33.75 , 7.09 , 5.25 , 12.2 , 56.5 , -0.41 
244,하준호,22K, -0.32 , 20 , 0 , 0 , 0 , 0 , 1 , 0 , 0 , 16.1 , 16 , 15 , 77 , 16 , 2 , 0 , 2 , 16 , 0 , 1 , 15 , 0 , 1 , 8.27 , 6.22 , 1.96 , 49.8 , 65.3 , -0.37 
245,최영환,22롯, -0.32 , 1 , 0 , 0 , 1 , 0 , 1 , 0 , 0 , 2.2 , 6 , 6 , 18 , 8 , 2 , 0 , 0 , 1 , 0 , 1 , 1 , 0 , 0 , 20.25 , 4.84 , 3.38 , 20.6 , 84.6 , -0.34 
246,이민우,22K한, -0.33 , 25 , 0 , 0 , 5 , 1 , 1 , 0 , 0 , 44.2 , 33 , 31 , 206 , 60 , 9 , 2 , 3 , 17 , 0 , 3 , 23 , 0 , 1 , 6.25 , 4.53 , 1.72 , 64.9 , 90.1 , -0.92 
247,노운현,22키, -0.34 , 5 , 0 , 0 , 0 , 0 , 1 , 0 , 0 , 4.0 , 7 , 5 , 28 , 10 , 1 , 0 , 0 , 3 , 0 , 1 , 3 , 0 , 1 , 11.25 , 4.84 , 3.25 , 35.6 , 83.4 , -0.41 
248,김건태,22N, -0.34 , 16 , 0 , 0 , 0 , 0 , 0 , 0 , 0 , 18.1 , 15 , 9 , 86 , 22 , 8 , 0 , 2 , 12 , 2 , 2 , 16 , 0 , 1 , 4.42 , 4.98 , 1.86 , 92.2 , 82.8 , -0.07 
249,이재민,22한, -0.35 , 2 , 0 , 0 , 0 , 0 , 0 , 0 , 0 , 2.0 , 8 , 8 , 15 , 3 , 1 , 0 , 0 , 5 , 0 , 1 , 0 , 0 , 0 , 36.00 , 12.34 , 4.00 , 11.2 , 33.0 , -0.06 
250,이민석,22롯, -0.37 , 27 , 0 , 0 , 1 , 1 , 1 , 0 , 5 , 33.2 , 27 , 22 , 167 , 44 , 8 , 0 , 4 , 19 , 1 , 2 , 37 , 0 , 3 , 5.88 , 4.47 , 1.87 , 70.8 , 91.1 , -0.49 
251,김재영,22한, -0.37 , 30 , 0 , 0 , 1 , 0 , 2 , 0 , 1 , 30.0 , 25 , 18 , 137 , 33 , 13 , 0 , 1 , 12 , 2 , 7 , 16 , 0 , 2 , 5.40 , 4.41 , 1.50 , 75.0 , 92.8 , -0.66 
252,김재열,22K, -0.38 , 47 , 0 , 0 , 0 , 1 , 2 , 1 , 5 , 43.0 , 33 , 29 , 193 , 45 , 10 , 2 , 5 , 22 , 2 , 1 , 36 , 0 , 3 , 6.07 , 4.64 , 1.56 , 67.2 , 88.2 , -0.44 
253,최건,22롯, -0.39 , 5 , 0 , 0 , 0 , 0 , 0 , 0 , 0 , 2.1 , 8 , 6 , 20 , 7 , 3 , 0 , 0 , 6 , 0 , 0 , 3 , 0 , 0 , 23.14 , 8.48 , 5.57 , 18.0 , 48.4 , -0.24 
254,윤정현,22키, -0.42 , 17 , 0 , 0 , 2 , 1 , 1 , 0 , 4 , 22.2 , 17 , 16 , 106 , 27 , 3 , 0 , 2 , 13 , 1 , 4 , 17 , 0 , 0 , 6.35 , 5.10 , 1.77 , 63.0 , 77.7 , 0.09 
255,조요한,22S, -0.42 , 23 , 0 , 0 , 0 , 2 , 1 , 0 , 5 , 19.1 , 15 , 14 , 89 , 17 , 1 , 0 , 2 , 13 , 1 , 4 , 15 , 0 , 7 , 6.52 , 5.61 , 1.55 , 63.9 , 74.5 , 0.27 
256,김승현,22삼, -0.43 , 6 , 0 , 0 , 0 , 0 , 1 , 0 , 2 , 4.0 , 7 , 5 , 24 , 6 , 1 , 0 , 2 , 4 , 0 , 0 , 5 , 0 , 1 , 11.25 , 10.34 , 2.50 , 37.1 , 40.9 , -0.26 
257,이승진,22두, -0.44 , 35 , 0 , 0 , 0 , 3 , 1 , 0 , 2 , 31.1 , 25 , 23 , 140 , 35 , 2 , 0 , 5 , 12 , 0 , 1 , 29 , 1 , 0 , 6.61 , 4.81 , 1.50 , 60.2 , 81.2 , 0.11 
258,김진욱,22롯, -0.44 , 14 , 0 , 0 , 12 , 2 , 5 , 0 , 0 , 46.2 , 36 , 34 , 227 , 43 , 8 , 1 , 3 , 35 , 1 , 8 , 52 , 0 , 4 , 6.56 , 4.65 , 1.67 , 63.5 , 88.0 , -0.88 
259,한두솔,22S, -0.46 , 8 , 0 , 0 , 0 , 0 , 0 , 0 , 0 , 5.1 , 10 , 10 , 30 , 10 , 2 , 0 , 0 , 4 , 0 , 0 , 1 , 0 , 1 , 16.88 , 5.21 , 2.63 , 24.7 , 78.7 , -0.12 
260,박준영,22한, -0.46 , 5 , 0 , 0 , 2 , 0 , 1 , 0 , 0 , 11.0 , 13 , 13 , 53 , 13 , 0 , 0 , 1 , 8 , 0 , 0 , 10 , 0 , 0 , 10.64 , 4.88 , 1.91 , 38.1 , 83.4 , -0.48 
261,주현상,22한, -0.47 , 49 , 0 , 0 , 0 , 0 , 1 , 1 , 3 , 55.1 , 43 , 42 , 247 , 69 , 18 , 3 , 5 , 14 , 1 , 5 , 33 , 0 , 1 , 6.83 , 4.30 , 1.50 , 59.3 , 95.0 , -0.48 
262,이용준,22N, -0.49 , 10 , 0 , 0 , 2 , 0 , 1 , 0 , 0 , 22.0 , 23 , 21 , 116 , 33 , 11 , 1 , 4 , 13 , 0 , 3 , 19 , 0 , 3 , 8.59 , 6.16 , 2.09 , 47.4 , 66.9 , -0.75 
263,심창민,22N, -0.53 , 11 , 0 , 0 , 0 , 1 , 2 , 0 , 0 , 6.1 , 10 , 10 , 37 , 9 , 2 , 0 , 0 , 7 , 0 , 3 , 6 , 0 , 2 , 14.21 , 6.18 , 2.53 , 28.7 , 66.3 , -0.53 
264,박종훈,22S, -0.56 , 11 , 0 , 0 , 11 , 3 , 5 , 0 , 0 , 48.0 , 34 , 32 , 220 , 52 , 4 , 1 , 6 , 21 , 0 , 8 , 40 , 0 , 3 , 6.00 , 5.11 , 1.52 , 69.4 , 82.3 , -0.75 
265,백승현,22L, -0.56 , 12 , 0 , 0 , 0 , 0 , 1 , 0 , 1 , 10.0 , 13 , 12 , 52 , 15 , 2 , 1 , 2 , 9 , 2 , 0 , 3 , 0 , 0 , 10.80 , 7.44 , 2.40 , 36.8 , 53.0 , -0.66 
266,양창섭,22삼, -0.60 , 6 , 0 , 0 , 6 , 2 , 3 , 0 , 0 , 20.1 , 19 , 19 , 96 , 24 , 5 , 1 , 3 , 12 , 0 , 1 , 10 , 0 , 0 , 8.41 , 6.19 , 1.77 , 49.6 , 66.9 , -0.70 
267,한승혁,22K, -0.64 , 24 , 0 , 0 , 16 , 4 , 3 , 0 , 0 , 80.1 , 52 , 47 , 376 , 100 , 13 , 3 , 4 , 40 , 0 , 6 , 69 , 0 , 6 , 5.27 , 3.99 , 1.74 , 77.4 , 102.8 , -1.83 
268,김윤수,22삼, -0.64 , 37 , 0 , 0 , 1 , 3 , 3 , 0 , 3 , 35.0 , 29 , 23 , 168 , 39 , 9 , 0 , 2 , 22 , 1 , 2 , 32 , 0 , 6 , 5.91 , 4.22 , 1.74 , 70.6 , 96.8 , -0.26 
269,유승철,22K, -0.69 , 21 , 0 , 0 , 0 , 3 , 0 , 0 , 0 , 19.0 , 20 , 16 , 93 , 21 , 5 , 0 , 5 , 16 , 1 , 0 , 14 , 0 , 8 , 7.58 , 7.65 , 1.95 , 53.8 , 53.6 , 0.05 
270,이영하,22두, -0.70 , 21 , 0 , 0 , 20 , 6 , 8 , 0 , 0 , 98.2 , 65 , 54 , 462 , 109 , 14 , 1 , 5 , 57 , 1 , 6 , 83 , 0 , 8 , 4.93 , 4.20 , 1.68 , 80.8 , 95.8 , -1.43 
271,윤명준,22두, -0.71 , 20 , 0 , 0 , 0 , 1 , 1 , 0 , 0 , 22.1 , 24 , 21 , 109 , 33 , 6 , 2 , 8 , 8 , 1 , 1 , 15 , 0 , 2 , 8.46 , 7.73 , 1.84 , 47.0 , 49.6 , -0.51 
272,이민호,22L, -0.73 , 26 , 0 , 0 , 26 , 12 , 8 , 0 , 0 , 119.1 , 77 , 73 , 540 , 146 , 23 , 5 , 14 , 43 , 0 , 7 , 73 , 0 , 9 , 5.51 , 4.90 , 1.58 , 72.2 , 80.5 , -0.90 
273,전창민,22두, -0.74 , 9 , 0 , 0 , 0 , 0 , 0 , 0 , 0 , 9.1 , 20 , 20 , 52 , 17 , 4 , 1 , 2 , 8 , 0 , 0 , 3 , 0 , 0 , 19.29 , 8.05 , 2.68 , 20.6 , 48.8 , -0.23 
274,로니,22K, -0.78 , 10 , 0 , 0 , 9 , 3 , 3 , 0 , 0 , 44.1 , 36 , 29 , 208 , 47 , 7 , 1 , 7 , 28 , 0 , 3 , 32 , 1 , 2 , 5.89 , 6.05 , 1.69 , 69.2 , 67.9 , -1.18 
275,허윤동,22삼, -0.81 , 12 , 0 , 0 , 12 , 4 , 3 , 0 , 0 , 55.0 , 43 , 40 , 264 , 64 , 13 , 0 , 8 , 34 , 0 , 6 , 36 , 0 , 2 , 6.55 , 6.10 , 1.78 , 63.8 , 67.8 , -0.95 
276,노바,22S, -0.85 , 12 , 0 , 0 , 12 , 3 , 4 , 0 , 0 , 63.2 , 50 , 46 , 291 , 78 , 10 , 2 , 5 , 25 , 0 , 5 , 32 , 1 , 9 , 6.50 , 4.77 , 1.62 , 64.0 , 87.3 , -0.80 
277,김성진,22키, -1.00 , 23 , 0 , 0 , 0 , 0 , 2 , 0 , 2 , 21.2 , 25 , 19 , 105 , 31 , 3 , 0 , 3 , 10 , 0 , 3 , 16 , 0 , 0 , 7.89 , 5.46 , 1.89 , 50.7 , 72.0 , -0.25 
278,박신지,22두, -1.00 , 29 , 0 , 0 , 9 , 1 , 6 , 0 , 0 , 61.2 , 50 , 46 , 313 , 84 , 12 , 1 , 7 , 40 , 0 , 5 , 38 , 0 , 4 , 6.71 , 5.77 , 2.01 , 59.3 , 68.8 , -1.47 
279,남지민,22한, -1.22 , 22 , 0 , 0 , 20 , 2 , 11 , 0 , 0 , 89.0 , 68 , 63 , 418 , 109 , 19 , 1 , 9 , 45 , 0 , 3 , 41 , 0 , 5 , 6.37 , 5.35 , 1.73 , 63.5 , 76.2 , -2.02 
280,황동재,22삼, -1.29 , 16 , 0 , 0 , 13 , 1 , 3 , 0 , 0 , 66.1 , 58 , 52 , 312 , 91 , 20 , 2 , 9 , 31 , 0 , 0 , 53 , 1 , 1 , 7.06 , 4.91 , 1.84 , 59.2 , 84.6 , -1.89 
281,윤대경,22한, -1.37 , 25 , 0 , 0 , 14 , 4 , 9 , 0 , 0 , 75.1 , 63 , 62 , 349 , 106 , 22 , 2 , 6 , 17 , 0 , 7 , 51 , 0 , 5 , 7.41 , 3.98 , 1.63 , 54.7 , 102.6 , -2.23 
